{
    "providers": [
        {
            "type": "bitmap",
            "file": "minecraft:morefoods/rice.png",
            "ascent": 9,
            "height": 9,
            "chars": ["\uF002"]
        },

        {
            "type": "bitmap",
            "file": "minecraft:morefoods/bread/carrot_bread.png",
            "ascent": 9,
            "height": 9,
            "chars": ["\uF101"]
        },
        {
            "type": "bitmap",
            "file": "minecraft:morefoods/bread/beetroot_bread.png",
            "ascent": 9,
            "height": 9,
            "chars": ["\uF102"]
        },
        {
            "type": "bitmap",
            "file": "minecraft:morefoods/bread/potato_bread.png",
            "ascent": 9,
            "height": 9,
            "chars": ["\uF103"]
        },

        {
            "type": "bitmap",
            "file": "minecraft:morefoods/cookedsalmon/beef_burger.png",
            "ascent": 9,
            "height": 9,
            "chars": ["\uF201"]
        },
        {
            "type": "bitmap",
            "file": "minecraft:morefoods/cookedsalmon/beef_burger.png",
            "ascent": 9,
            "height": 9,
            "chars": ["\uF202"]
        },
        {
            "type": "bitmap",
            "file": "minecraft:morefoods/cookedsalmon/sweet_roll.png",
            "ascent": 9,
            "height": 9,
            "chars": ["\uF203"]
        },

        {
            "type": "bitmap",
            "file": "minecraft:morefoods/cookie/sweet_berry_cookie.png",
            "ascent": 9,
            "height": 9,
            "chars": ["\uF301"]
        },
        {
            "type": "bitmap",
            "file": "minecraft:morefoods/cookie/honey_cookie.png",
            "ascent": 9,
            "height": 9,
            "chars": ["\uF302"]
        },
        {
            "type": "bitmap",
            "file": "minecraft:morefoods/cookie/sushi.png",
            "ascent": 9,
            "height": 9,
            "chars": ["\uF303"]
        },
        {
            "type": "bitmap",
            "file": "minecraft:morefoods/cookie/sugar_cookie.png",
            "ascent": 9,
            "height": 9,
            "chars": ["\uF304"]
        },

        {
            "type": "bitmap",
            "file": "minecraft:morefoods/pie/carrot_pie.png",
            "ascent": 9,
            "height": 9,
            "chars": ["\uF401"]
        },
        {
            "type": "bitmap",
            "file": "minecraft:morefoods/pie/sweet_berry_pie.png",
            "ascent": 9,
            "height": 9,
            "chars": ["\uF402"]
        },
        {
            "type": "bitmap",
            "file": "minecraft:morefoods/pie/apple_pie.png",
            "ascent": 9,
            "height": 9,
            "chars": ["\uF403"]
        },
        {
            "type": "bitmap",
            "file": "minecraft:morefoods/pie/leche_flan.png",
            "ascent": 9,
            "height": 9,
            "chars": ["\uF404"]
        },

        {
            "type": "bitmap",
            "file": "minecraft:morefoods/beetsoup/rice_bowl.png",
            "ascent": 9,
            "height": 9,
            "chars": ["\uF601"]
        },
        {
            "type": "bitmap",
            "file": "minecraft:morefoods/beetsoup/fish_and_chips.png",
            "ascent": 9,
            "height": 9,
            "chars": ["\uF602"]
        },
        {
            "type": "bitmap",
            "file": "minecraft:morefoods/beetsoup/coleslaw.png",
            "ascent": 9,
            "height": 9,
            "chars": ["\uF603"]
        },
        {
            "type": "bitmap",
            "file": "minecraft:morefoods/beetsoup/potato_salad.png",
            "ascent": 9,
            "height": 9,
            "chars": ["\uF604"]
        },
        {
            "type": "bitmap",
            "file": "minecraft:morefoods/beetsoup/vegetable_salad.png",
            "ascent": 9,
            "height": 9,
            "chars": ["\uF605"]
        },
      
        {
            "type": "bitmap",
            "file": "minecraft:morefoods/susstew/apple_ice_cream.png",
            "ascent": 9,
            "height": 9,
            "chars": ["\uF701"]
        },
        {
            "type": "bitmap",
            "file": "minecraft:morefoods/susstew/melon_ice_cream.png",
            "ascent": 9,
            "height": 9,
            "chars": ["\uF702"]
        },
        {
            "type": "bitmap",
            "file": "minecraft:morefoods/susstew/chocolate_ice_cream.png",
            "ascent": 9,
            "height": 9,
            "chars": ["\uF703"]
        },
        {
            "type": "bitmap",
            "file": "minecraft:morefoods/susstew/pumpkin_ice_cream.png",
            "ascent": 9,
            "height": 9,
            "chars": ["\uF704"]
        },

        {
            "type": "bitmap",
            "file": "minecraft:morefoods/rabstew/fried_rice.png",
            "ascent": 9,
            "height": 9,
            "chars": ["\uF801"]
        },


        
        {
            "type": "bitmap",
            "file": "morefoods:rice_making_station.png",
            "ascent": 6,
            "height": 40,
            "chars": ["\uE001"]
        },
        {
            "type": "bitmap",
            "file": "morefoods:rice.png",
            "ascent": 6,
            "height": 42,
            "chars": ["\uE002"]
        },

        {
            "type": "bitmap",
            "file": "morefoods:carrot_bread.png",
            "ascent": 6,
            "height": 40,
            "chars": ["\uE101"]
        },
        {
            "type": "bitmap",
            "file": "morefoods:beetroot_bread.png",
            "ascent": 6,
            "height": 42,
            "chars": ["\uE102"]
        },
        {
            "type": "bitmap",
            "file": "morefoods:potato_bread.png",
            "ascent": 6,
            "height": 42,
            "chars": ["\uE103"]
        },

        {
            "type": "bitmap",
            "file": "morefoods:beef_burger.png",
            "ascent": 6,
            "height": 42,
            "chars": ["\uE201"]
        },
        {
            "type": "bitmap",
            "file": "morefoods:pork_sandwich.png",
            "ascent": 6,
            "height": 42,
            "chars": ["\uE202"]
        },
        {
            "type": "bitmap",
            "file": "morefoods:sweet_roll.png",
            "ascent": 6,
            "height": 42,
            "chars": ["\uE203"]
        },

        {
            "type": "bitmap",
            "file": "morefoods:sweet_berry_cookie.png",
            "ascent": 6,
            "height": 42,
            "chars": ["\uE301"]
        },
        {
            "type": "bitmap",
            "file": "morefoods:honey_cookie.png",
            "ascent": 6,
            "height": 42,
            "chars": ["\uE302"]
        },
        {
            "type": "bitmap",
            "file": "morefoods:sushi.png",
            "ascent": 6,
            "height": 42,
            "chars": ["\uE303"]
        },
        {
            "type": "bitmap",
            "file": "morefoods:sugar_cookie.png",
            "ascent": 6,
            "height": 42,
            "chars": ["\uE304"]
        },

        {
            "type": "bitmap",
            "file": "morefoods:carrot_pie.png",
            "ascent": 6,
            "height": 42,
            "chars": ["\uE401"]
        },
        {
            "type": "bitmap",
            "file": "morefoods:sweet_berry_pie.png",
            "ascent": 6,
            "height": 42,
            "chars": ["\uE402"]
        },
        {
            "type": "bitmap",
            "file": "morefoods:apple_pie.png",
            "ascent": 6,
            "height": 42,
            "chars": ["\uE403"]
        },
        {
            "type": "bitmap",
            "file": "morefoods:leche_flan.png",
            "ascent": 6,
            "height": 42,
            "chars": ["\uE404"]
        },

        {
            "type": "bitmap",
            "file": "morefoods:rice_bowl.png",
            "ascent": 6,
            "height": 42,
            "chars": ["\uE601"]
        },
        {
            "type": "bitmap",
            "file": "morefoods:fish_and_chips.png",
            "ascent": 6,
            "height": 42,
            "chars": ["\uE602"]
        },
        {
            "type": "bitmap",
            "file": "morefoods:vegetable_salad.png",
            "ascent": 6,
            "height": 42,
            "chars": ["\uE605"]
        },
        {
            "type": "bitmap",
            "file": "morefoods:coleslaw.png",
            "ascent": 6,
            "height": 42,
            "chars": ["\uE603"]
        },
        {
            "type": "bitmap",
            "file": "morefoods:potato_salad.png",
            "ascent": 6,
            "height": 42,
            "chars": ["\uE604"]
        },

        {
            "type": "bitmap",
            "file": "morefoods:apple_ice_cream.png",
            "ascent": 6,
            "height": 42,
            "chars": ["\uE701"]
        },
        {
            "type": "bitmap",
            "file": "morefoods:melon_ice_cream.png",
            "ascent": 6,
            "height": 42,
            "chars": ["\uE702"]
        },
        {
            "type": "bitmap",
            "file": "morefoods:chocolate_ice_cream.png",
            "ascent": 6,
            "height": 42,
            "chars": ["\uE703"]
        },
        {
            "type": "bitmap",
            "file": "morefoods:pumpkin_ice_cream.png",
            "ascent": 6,
            "height": 42,
            "chars": ["\uE704"]
        },

        {
            "type": "bitmap",
            "file": "morefoods:fried_rice.png",
            "ascent": 6,
            "height": 42,
            "chars": ["\uE801"]
        }
    ]
}