{
	"credit": "Made with Blockbench",
	"textures": {
		"2": "expansion:items/steel_ingot",
		"particle": "expansion:items/steel_ingot"
	},
	"elements": [
		{
			"from": [1.15, 9.4, 7.45],
			"to": [15.15, 10.4, 8.45],
			"rotation": {"angle": 0, "axis": "y", "origin": [8.1, 7.5, 7.95]},
			"faces": {
				"north": {"uv": [15, 6, 1, 5], "texture": "#2"},
				"east": {"uv": [2, 5, 3, 6], "rotation": 270, "texture": "#2"},
				"south": {"uv": [15, 6, 1, 5], "rotation": 180, "texture": "#2"},
				"west": {"uv": [1, 5, 2, 6], "rotation": 90, "texture": "#2"},
				"up": {"uv": [1, 5, 4, 6], "rotation": 180, "texture": "#2"},
				"down": {"uv": [0, 0, 16, 1], "texture": "#2"}
			}
		},
		{
			"from": [0.15, 4.4, 7.45],
			"to": [15.15, 5.4, 8.45],
			"rotation": {"angle": 0, "axis": "y", "origin": [8.1, 7.5, 7.95]},
			"faces": {
				"north": {"uv": [15, 11, 0, 10], "texture": "#2"},
				"east": {"uv": [14, 10, 15, 11], "rotation": 270, "texture": "#2"},
				"south": {"uv": [15, 11, 0, 10], "rotation": 180, "texture": "#2"},
				"west": {"uv": [0, 6, 1, 7], "rotation": 90, "texture": "#2"},
				"up": {"uv": [0, 0, 16, 1], "rotation": 180, "texture": "#2"},
				"down": {"uv": [0, 10, 15, 11], "texture": "#2"}
			}
		},
		{
			"from": [1.15, 3.4, 7.45],
			"to": [13.15, 4.4, 8.45],
			"rotation": {"angle": 0, "axis": "y", "origin": [8.1, 7.5, 7.95]},
			"faces": {
				"north": {"uv": [13, 12, 1, 11], "texture": "#2"},
				"east": {"uv": [9, 12, 10, 13], "rotation": 270, "texture": "#2"},
				"south": {"uv": [13, 12, 1, 11], "rotation": 180, "texture": "#2"},
				"west": {"uv": [13, 4, 14, 5], "rotation": 90, "texture": "#2"},
				"up": {"uv": [0, 0, 16, 1], "rotation": 180, "texture": "#2"},
				"down": {"uv": [1, 11, 13, 12], "texture": "#2"}
			}
		},
		{
			"from": [3.15, 1.4, 7.45],
			"to": [7.15, 2.4, 8.45],
			"rotation": {"angle": 0, "axis": "y", "origin": [8.1, 7.5, 7.95]},
			"faces": {
				"north": {"uv": [7, 13, 3, 14], "texture": "#2"},
				"east": {"uv": [6, 13, 7, 14], "rotation": 270, "texture": "#2"},
				"south": {"uv": [7, 14, 3, 13], "rotation": 180, "texture": "#2"},
				"west": {"uv": [11, 2, 12, 3], "rotation": 90, "texture": "#2"},
				"up": {"uv": [0, 0, 16, 1], "rotation": 180, "texture": "#2"},
				"down": {"uv": [3, 13, 7, 14], "texture": "#2"}
			}
		},
		{
			"from": [2.15, 2.4, 7.45],
			"to": [10.15, 3.4, 8.45],
			"rotation": {"angle": 0, "axis": "y", "origin": [8.1, 7.5, 7.95]},
			"faces": {
				"north": {"uv": [10, 12, 2, 13], "texture": "#2"},
				"east": {"uv": [7, 12, 8, 13], "rotation": 270, "texture": "#2"},
				"south": {"uv": [10, 13, 2, 12], "rotation": 180, "texture": "#2"},
				"west": {"uv": [12, 3, 13, 4], "rotation": 90, "texture": "#2"},
				"up": {"uv": [0, 0, 16, 1], "rotation": 180, "texture": "#2"},
				"down": {"uv": [2, 12, 10, 13], "texture": "#2"}
			}
		},
		{
			"from": [0.15, 8.4, 7.45],
			"to": [16.15, 9.4, 8.45],
			"rotation": {"angle": 0, "axis": "y", "origin": [8.1, 7.5, 7.95]},
			"faces": {
				"north": {"uv": [16, 6, 0, 7], "texture": "#2"},
				"east": {"uv": [15, 6, 16, 7], "rotation": 270, "texture": "#2"},
				"south": {"uv": [16, 7, 0, 6], "rotation": 180, "texture": "#2"},
				"west": {"uv": [0, 7, 1, 11], "rotation": 90, "texture": "#2"},
				"up": {"uv": [0, 6, 16, 7], "rotation": 180, "texture": "#2"},
				"down": {"uv": [0, 9, 16, 10], "texture": "#2"}
			}
		},
		{
			"from": [0.15, 5.4, 7.45],
			"to": [16.15, 8.4, 8.45],
			"rotation": {"angle": 0, "axis": "y", "origin": [8.1, 7.5, 7.95]},
			"faces": {
				"north": {"uv": [16, 7, 0, 10], "texture": "#2"},
				"east": {"uv": [15, 7, 16, 10], "rotation": 270, "texture": "#2"},
				"south": {"uv": [16, 10, 0, 7], "rotation": 180, "texture": "#2"},
				"west": {"uv": [0, 7, 1, 11], "rotation": 90, "texture": "#2"},
				"up": {"uv": [0, 6, 16, 7], "rotation": 180, "texture": "#2"},
				"down": {"uv": [0, 9, 16, 10], "texture": "#2"}
			}
		},
		{
			"from": [4.15, 10.4, 7.45],
			"to": [14.15, 11.4, 8.45],
			"rotation": {"angle": 0, "axis": "y", "origin": [8.1, 7.5, 7.95]},
			"faces": {
				"north": {"uv": [14, 5, 4, 4], "texture": "#2"},
				"east": {"uv": [13, 4, 14, 5], "rotation": 270, "texture": "#2"},
				"south": {"uv": [14, 5, 4, 4], "rotation": 180, "texture": "#2"},
				"west": {"uv": [4, 4, 5, 5], "rotation": 90, "texture": "#2"},
				"up": {"uv": [4, 4, 7, 5], "rotation": 180, "texture": "#2"},
				"down": {"uv": [0, 0, 16, 1], "texture": "#2"}
			}
		},
		{
			"from": [7.15, 11.4, 7.45],
			"to": [13.15, 12.4, 8.45],
			"rotation": {"angle": 0, "axis": "y", "origin": [8.1, 7.5, 7.95]},
			"faces": {
				"north": {"uv": [13, 4, 7, 3], "texture": "#2"},
				"east": {"uv": [12, 3, 13, 4], "rotation": 270, "texture": "#2"},
				"south": {"uv": [13, 4, 7, 3], "rotation": 180, "texture": "#2"},
				"west": {"uv": [7, 3, 8, 4], "rotation": 90, "texture": "#2"},
				"up": {"uv": [7, 3, 10, 4], "rotation": 180, "texture": "#2"},
				"down": {"uv": [0, 0, 16, 1], "texture": "#2"}
			}
		},
		{
			"from": [10.15, 12.4, 7.45],
			"to": [12.15, 13.4, 8.45],
			"rotation": {"angle": 0, "axis": "y", "origin": [8.1, 7.5, 7.95]},
			"faces": {
				"north": {"uv": [12, 3, 10, 2], "texture": "#2"},
				"east": {"uv": [10, 2, 11, 3], "rotation": 270, "texture": "#2"},
				"south": {"uv": [12, 3, 10, 2], "rotation": 180, "texture": "#2"},
				"west": {"uv": [10, 2, 11, 3], "rotation": 90, "texture": "#2"},
				"up": {"uv": [10, 2, 12, 3], "rotation": 180, "texture": "#2"},
				"down": {"uv": [0, 0, 16, 1], "texture": "#2"}
			}
		}
	],
	"gui_light": "front",
	"display": {
		"thirdperson_righthand": {
			"translation": [0, 3, 1],
			"scale": [0.55, 0.55, 0.55]
		},
		"thirdperson_lefthand": {
			"translation": [0, 3, 1],
			"scale": [0.55, 0.55, 0.55]
		},
		"firstperson_righthand": {
			"rotation": [0, -90, 25],
			"translation": [1.13, 3.2, 1.13],
			"scale": [0.68, 0.68, 0.68]
		},
		"firstperson_lefthand": {
			"rotation": [0, -90, 25],
			"translation": [1.13, 3.2, 1.13],
			"scale": [0.68, 0.68, 0.68]
		},
		"ground": {
			"translation": [0, 2, 0],
			"scale": [0.5, 0.5, 0.5]
		},
		"gui": {
			"translation": [0, 0.5, 0]
		},
		"head": {
			"rotation": [0, 180, 0],
			"translation": [0, 13, 7]
		},
		"fixed": {
			"rotation": [0, 180, 0]
		}
	}
}