{
 "parent": "block/jigsaw",
 "overrides": [
  { "predicate": {"custom_model_data": 123456}, "model": "expansion:items/processing_unit"},
  { "predicate": {"custom_model_data": 123457}, "model": "expansion:items/buggy_wheel"},
  { "predicate": {"custom_model_data": 123459}, "model": "expansion:items/steel_ingot"},
  { "predicate": {"custom_model_data": 123460}, "model": "expansion:items/steel_plate"},
  { "predicate": {"custom_model_data": 123461}, "model": "expansion:items/ancient_engine"},
  { "predicate": {"custom_model_data": 123462}, "model": "expansion:items/cooling_coil"},
  { "predicate": {"custom_model_data": 123463}, "model": "expansion:items/spaceship_thruster"},
  { "predicate": {"custom_model_data": 123464}, "model": "expansion:items/spaceship_cockpit"},
  { "predicate": {"custom_model_data": 123465}, "model": "expansion:items/spaceship_engines"},
  { "predicate": {"custom_model_data": 123466}, "model": "expansion:items/spaceship_right_wing"},
  { "predicate": {"custom_model_data": 123467}, "model": "expansion:items/spaceship_left_wing"},
  { "predicate": {"custom_model_data": 123468}, "model": "expansion:items/rocket_top"},
  { "predicate": {"custom_model_data": 123469}, "model": "expansion:items/rocket_cockpit"},
  { "predicate": {"custom_model_data": 123470}, "model": "expansion:items/rocket_bottom"},

  { "predicate": {"custom_model_data": 123480}, "model": "expansion:items/equipment_modules/mobility"},
  { "predicate": {"custom_model_data": 123481}, "model": "expansion:items/equipment_modules/oxygen"},
  { "predicate": {"custom_model_data": 123482}, "model": "expansion:items/equipment_modules/cooling"},
  { "predicate": {"custom_model_data": 123483}, "model": "expansion:items/equipment_modules/warming"},
  { "predicate": {"custom_model_data": 123484}, "model": "expansion:items/equipment_modules/armored"},

  { "predicate": {"custom_model_data": 124400}, "model": "expansion:blocks/compressor_gui"},
  { "predicate": {"custom_model_data": 124401}, "model": "expansion:gui/gui_filler"},
  { "predicate": {"custom_model_data": 124402}, "model": "expansion:blocks/enhancer_gui"},
  { "predicate": {"custom_model_data": 124403}, "model": "expansion:gui/advancements/advancement_thumbnail"},
  
  { "predicate": {"custom_model_data": 125000}, "model": "expansion:mobs/quercus_head"},
  { "predicate": {"custom_model_data": 125001}, "model": "expansion:mobs/quercus_body_0"},
  { "predicate": {"custom_model_data": 125002}, "model": "expansion:mobs/quercus_body_1"},
  { "predicate": {"custom_model_data": 125003}, "model": "expansion:mobs/quercus_body_2"},
  { "predicate": {"custom_model_data": 125004}, "model": "expansion:mobs/quercus_body_3"}
 ]

 
}