{
    "providers": [
		{
            "type": "bitmap",
            "file": "expansion:guides/basic_guide/craft_steel_ingot.png",
			"ascent": 28,
			"height": 56,
			"chars": ["\uff00"]
		},
		{
            "type": "bitmap",
            "file": "expansion:guides/basic_guide/craft_steel_plate.png",
			"ascent": 28,
			"height": 56,
			"chars": ["\uff01"]
		},
		{
            "type": "bitmap",
            "file": "expansion:guides/basic_guide/craft_wrench.png",
			"ascent": 28,
			"height": 56,
			"chars": ["\uff02"]
		},
		{
            "type": "bitmap",
            "file": "expansion:guides/basic_guide/craft_oxygen_tank.png",
			"ascent": 28,
			"height": 56,
			"chars": ["\uff03"]
		},
		{
            "type": "bitmap",
            "file": "expansion:guides/basic_guide/craft_space_equipment.png",
			"ascent": 28,
			"height": 56,
			"chars": ["\uff04"]
		},
		{
            "type": "bitmap",
            "file": "expansion:guides/basic_guide/craft_processing_unit.png",
			"ascent": 28,
			"height": 56,
			"chars": ["\uff06"]
		},
		{
            "type": "bitmap",
            "file": "expansion:guides/basic_guide/craft_compressor.png",
			"ascent": 28,
			"height": 56,
			"chars": ["\uff07"]
		},
		{
            "type": "bitmap",
            "file": "expansion:guides/basic_guide/craft_rocket_top.png",
			"ascent": 28,
			"height": 56,
			"chars": ["\uff08"]
		},
		{
            "type": "bitmap",
            "file": "expansion:guides/basic_guide/craft_rocket_cockpit.png",
			"ascent": 28,
			"height": 56,
			"chars": ["\uff09"]
		},

		{
            "type": "bitmap",
            "file": "expansion:guides/basic_guide/craft_rocket_engines.png",
			"ascent": 28,
			"height": 56,
			"chars": ["\uff10"]
		},
		{
            "type": "bitmap",
            "file": "expansion:guides/basic_guide/craft_rocket.png",
			"ascent": 28,
			"height": 56,
			"chars": ["\uff11"]
		},
		{
            "type": "bitmap",
            "file": "expansion:guides/basic_guide/craft_buggy_wheel.png",
			"ascent": 28,
			"height": 56,
			"chars": ["\uff12"]
		},
		{
            "type": "bitmap",
            "file": "expansion:guides/basic_guide/craft_buggy.png",
			"ascent": 28,
			"height": 56,
			"chars": ["\uff13"]
		},
		{
            "type": "bitmap",
            "file": "expansion:guides/advanced_guide/craft_enhancer.png",
			"ascent": 28,
			"height": 56,
			"chars": ["\uff14"]
		},
		{
            "type": "bitmap",
            "file": "expansion:guides/basic_guide/craft_cooling_coil.png",
			"ascent": 28,
			"height": 56,
			"chars": ["\uff15"]
		},
		{
            "type": "bitmap",
            "file": "expansion:guides/advanced_guide/craft_spaceship_engines.png",
			"ascent": 28,
			"height": 56,
			"chars": ["\uff16"]
		},
		{
            "type": "bitmap",
            "file": "expansion:guides/advanced_guide/craft_spaceship_cockpit.png",
			"ascent": 28,
			"height": 56,
			"chars": ["\uff17"]
		},
		{
            "type": "bitmap",
            "file": "expansion:guides/advanced_guide/craft_spaceship_left_wing.png",
			"ascent": 28,
			"height": 56,
			"chars": ["\uff18"]
		},
		{
            "type": "bitmap",
            "file": "expansion:guides/advanced_guide/craft_spaceship_right_wing.png",
			"ascent": 28,
			"height": 56,
			"chars": ["\uff19"]
		},
		{
            "type": "bitmap",
            "file": "expansion:guides/advanced_guide/craft_spaceship.png",
			"ascent": 28,
			"height": 56,
			"chars": ["\uff20"]
		},
		{
            "type": "bitmap",
            "file": "expansion:guides/advanced_guide/craft_lacrymae_extractor.png",
			"ascent": 28,
			"height": 56,
			"chars": ["\uff21"]
		},
		{
            "type": "bitmap",
            "file": "expansion:guides/advanced_guide/craft_planetarium.png",
			"ascent": 28,
			"height": 56,
			"chars": ["\uff22"]
		},
		{
            "type": "bitmap",
            "file": "expansion:guides/basic_guide/craft_terraformer.png",
			"ascent": 28,
			"height": 56,
			"chars": ["\uff23"]
		},
		{
            "type": "bitmap",
            "file": "expansion:guides/basic_guide/craft_magnetic_boots.png",
			"ascent": 28,
			"height": 56,
			"chars": ["\uff24"]
		}
	]
}