{
    "parent": "item/generated",
    "textures": {
        "layer0": "item/pumpkin_pie"
    },
    "overrides": [
        { "predicate": { "custom_model_data": 469001 }, "model": "morefoods/pie/carrot_pie" },
        { "predicate": { "custom_model_data": 469002 }, "model": "morefoods/pie/sweet_berry_pie" },
        { "predicate": { "custom_model_data": 469003 }, "model": "morefoods/pie/apple_pie" },
        { "predicate": { "custom_model_data": 469004 }, "model": "morefoods/pie/leche_flan" }
    ]
}