{
    "parent": "item/generated",
    "textures": {
        "layer0": "item/suspicious_stew"
    },
    "overrides": [
        { "predicate": { "custom_model_data": 769001 }, "model": "morefoods/susstew/apple_ice_cream" },
        { "predicate": { "custom_model_data": 769002 }, "model": "morefoods/susstew/melon_ice_cream" },
        { "predicate": { "custom_model_data": 769003 }, "model": "morefoods/susstew/chocolate_ice_cream" },
        { "predicate": { "custom_model_data": 769004 }, "model": "morefoods/susstew/pumpkin_ice_cream" }

    ]
}