{
	"credit": "Made with Blockbench",
	"texture_size": [144, 144],
	"textures": {
		"1": "expansion:vehicles/rocket/rocket"
	},
	"elements": [
		{
			"from": [12.625, 10.5, 1.4375],
			"to": [15.625, 11.5, 2.4375],
			"rotation": {"angle": -45, "axis": "y", "origin": [14.125, 11, 1.9375]},
			"faces": {
				"north": {"uv": [14.22222, 1.77778, 14.55556, 1.88889], "texture": "#1"},
				"east": {"uv": [7.22222, 9.33333, 7.33333, 9.44444], "texture": "#1"},
				"south": {"uv": [5.66667, 14.22222, 6, 14.33333], "texture": "#1"},
				"west": {"uv": [13.22222, 15.33333, 13.33333, 15.44444], "texture": "#1"},
				"up": {"uv": [6.44444, 14.33333, 6.11111, 14.22222], "texture": "#1"},
				"down": {"uv": [7.44444, 14.22222, 7.11111, 14.33333], "texture": "#1"}
			}
		},
		{
			"from": [0.375, 10.5, 1.4375],
			"to": [3.375, 11.5, 2.4375],
			"rotation": {"angle": 45, "axis": "y", "origin": [1.875, 11, 1.9375]},
			"faces": {
				"north": {"uv": [7.55556, 14.22222, 7.88889, 14.33333], "texture": "#1"},
				"east": {"uv": [13.66667, 15.33333, 13.77778, 15.44444], "texture": "#1"},
				"south": {"uv": [14.22222, 7.77778, 14.55556, 7.88889], "texture": "#1"},
				"west": {"uv": [15.44444, 2, 15.55556, 2.11111], "texture": "#1"},
				"up": {"uv": [8.33333, 14.33333, 8, 14.22222], "texture": "#1"},
				"down": {"uv": [14.55556, 8, 14.22222, 8.11111], "texture": "#1"}
			}
		},
		{
			"from": [0.375, 10.5, 13.5625],
			"to": [3.375, 11.5, 14.5625],
			"rotation": {"angle": -45, "axis": "y", "origin": [1.875, 11, 14.0625]},
			"faces": {
				"north": {"uv": [14.22222, 8.22222, 14.55556, 8.33333], "texture": "#1"},
				"east": {"uv": [2.33333, 15.44444, 2.44444, 15.55556], "texture": "#1"},
				"south": {"uv": [12.11111, 14.22222, 12.44444, 14.33333], "texture": "#1"},
				"west": {"uv": [2.55556, 15.44444, 2.66667, 15.55556], "texture": "#1"},
				"up": {"uv": [12.88889, 14.33333, 12.55556, 14.22222], "texture": "#1"},
				"down": {"uv": [13.33333, 14.22222, 13, 14.33333], "texture": "#1"}
			}
		},
		{
			"from": [12.625, 10.5, 13.5625],
			"to": [15.625, 11.5, 14.5625],
			"rotation": {"angle": 45, "axis": "y", "origin": [14.125, 11, 14.0625]},
			"faces": {
				"north": {"uv": [0, 14.33333, 0.33333, 14.44444], "texture": "#1"},
				"east": {"uv": [2.77778, 15.44444, 2.88889, 15.55556], "texture": "#1"},
				"south": {"uv": [0.77778, 14.33333, 1.11111, 14.44444], "texture": "#1"},
				"west": {"uv": [15.44444, 2.88889, 15.55556, 3], "texture": "#1"},
				"up": {"uv": [14.66667, 2.33333, 14.33333, 2.22222], "texture": "#1"},
				"down": {"uv": [14.66667, 2.44444, 14.33333, 2.55556], "texture": "#1"}
			}
		},
		{
			"from": [12.625, 11.5, 1.6875],
			"to": [15.125, 12.5, 2.6875],
			"rotation": {"angle": -45, "axis": "y", "origin": [13.875, 12, 2.1875]},
			"faces": {
				"north": {"uv": [14.77778, 3.11111, 15.05556, 3.22222], "texture": "#1"},
				"east": {"uv": [3, 15.44444, 3.11111, 15.55556], "texture": "#1"},
				"south": {"uv": [3.22222, 14.77778, 3.5, 14.88889], "texture": "#1"},
				"west": {"uv": [15.44444, 3.11111, 15.55556, 3.22222], "texture": "#1"},
				"up": {"uv": [3.94444, 14.88889, 3.66667, 14.77778], "texture": "#1"},
				"down": {"uv": [4.38889, 14.77778, 4.11111, 14.88889], "texture": "#1"}
			}
		},
		{
			"from": [0.875, 11.5, 1.6875],
			"to": [3.375, 12.5, 2.6875],
			"rotation": {"angle": 45, "axis": "y", "origin": [2.125, 12, 2.1875]},
			"faces": {
				"north": {"uv": [4.55556, 14.77778, 4.83333, 14.88889], "texture": "#1"},
				"east": {"uv": [3.22222, 15.44444, 3.33333, 15.55556], "texture": "#1"},
				"south": {"uv": [5, 14.77778, 5.27778, 14.88889], "texture": "#1"},
				"west": {"uv": [15.44444, 3.33333, 15.55556, 3.44444], "texture": "#1"},
				"up": {"uv": [8.61111, 14.88889, 8.33333, 14.77778], "texture": "#1"},
				"down": {"uv": [15.05556, 9.55556, 14.77778, 9.66667], "texture": "#1"}
			}
		},
		{
			"from": [0.875, 11.5, 13.3125],
			"to": [3.375, 12.5, 14.3125],
			"rotation": {"angle": -45, "axis": "y", "origin": [2.125, 12, 13.8125]},
			"faces": {
				"north": {"uv": [14.77778, 9.77778, 15.05556, 9.88889], "texture": "#1"},
				"east": {"uv": [3.44444, 15.44444, 3.55556, 15.55556], "texture": "#1"},
				"south": {"uv": [14.77778, 10.55556, 15.05556, 10.66667], "texture": "#1"},
				"west": {"uv": [3.66667, 15.44444, 3.77778, 15.55556], "texture": "#1"},
				"up": {"uv": [15.05556, 10.88889, 14.77778, 10.77778], "texture": "#1"},
				"down": {"uv": [15.05556, 11, 14.77778, 11.11111], "texture": "#1"}
			}
		},
		{
			"from": [12.625, 11.5, 13.3125],
			"to": [15.125, 12.5, 14.3125],
			"rotation": {"angle": 45, "axis": "y", "origin": [13.875, 12, 13.8125]},
			"faces": {
				"north": {"uv": [14.77778, 11.22222, 15.05556, 11.33333], "texture": "#1"},
				"east": {"uv": [4.33333, 15.44444, 4.44444, 15.55556], "texture": "#1"},
				"south": {"uv": [14.77778, 11.44444, 15.05556, 11.55556], "texture": "#1"},
				"west": {"uv": [4.55556, 15.44444, 4.66667, 15.55556], "texture": "#1"},
				"up": {"uv": [15.05556, 11.77778, 14.77778, 11.66667], "texture": "#1"},
				"down": {"uv": [15.05556, 11.88889, 14.77778, 12], "texture": "#1"}
			}
		},
		{
			"from": [12.625, 12.5, 1.6875],
			"to": [14.125, 13.5, 2.6875],
			"rotation": {"angle": -45, "axis": "y", "origin": [13.375, 13, 2.1875]},
			"faces": {
				"north": {"uv": [8.55556, 15.22222, 8.72222, 15.33333], "texture": "#1"},
				"east": {"uv": [4.77778, 15.44444, 4.88889, 15.55556], "texture": "#1"},
				"south": {"uv": [8.88889, 15.22222, 9.05556, 15.33333], "texture": "#1"},
				"west": {"uv": [5, 15.44444, 5.11111, 15.55556], "texture": "#1"},
				"up": {"uv": [15.38889, 9.66667, 15.22222, 9.55556], "texture": "#1"},
				"down": {"uv": [15.38889, 9.77778, 15.22222, 9.88889], "texture": "#1"}
			}
		},
		{
			"from": [1.875, 12.5, 1.6875],
			"to": [3.375, 13.5, 2.6875],
			"rotation": {"angle": 45, "axis": "y", "origin": [2.625, 13, 2.1875]},
			"faces": {
				"north": {"uv": [15.22222, 10.44444, 15.38889, 10.55556], "texture": "#1"},
				"east": {"uv": [5.22222, 15.44444, 5.33333, 15.55556], "texture": "#1"},
				"south": {"uv": [15.22222, 10.66667, 15.38889, 10.77778], "texture": "#1"},
				"west": {"uv": [5.44444, 15.44444, 5.55556, 15.55556], "texture": "#1"},
				"up": {"uv": [15.38889, 11, 15.22222, 10.88889], "texture": "#1"},
				"down": {"uv": [15.38889, 11.11111, 15.22222, 11.22222], "texture": "#1"}
			}
		},
		{
			"from": [1.875, 12.5, 13.3125],
			"to": [3.375, 13.5, 14.3125],
			"rotation": {"angle": -45, "axis": "y", "origin": [2.625, 13, 13.8125]},
			"faces": {
				"north": {"uv": [15.22222, 11.33333, 15.38889, 11.44444], "texture": "#1"},
				"east": {"uv": [5.66667, 15.44444, 5.77778, 15.55556], "texture": "#1"},
				"south": {"uv": [15.22222, 11.55556, 15.38889, 11.66667], "texture": "#1"},
				"west": {"uv": [6.11111, 15.44444, 6.22222, 15.55556], "texture": "#1"},
				"up": {"uv": [15.38889, 11.88889, 15.22222, 11.77778], "texture": "#1"},
				"down": {"uv": [15.38889, 12, 15.22222, 12.11111], "texture": "#1"}
			}
		},
		{
			"from": [12.625, 12.5, 13.3125],
			"to": [14.125, 13.5, 14.3125],
			"rotation": {"angle": 45, "axis": "y", "origin": [13.375, 13, 13.8125]},
			"faces": {
				"north": {"uv": [15.22222, 12.22222, 15.38889, 12.33333], "texture": "#1"},
				"east": {"uv": [15.44444, 6.22222, 15.55556, 6.33333], "texture": "#1"},
				"south": {"uv": [15.22222, 12.44444, 15.38889, 12.55556], "texture": "#1"},
				"west": {"uv": [15.44444, 6.44444, 15.55556, 6.55556], "texture": "#1"},
				"up": {"uv": [15.38889, 13.11111, 15.22222, 13], "texture": "#1"},
				"down": {"uv": [15.38889, 13.22222, 15.22222, 13.33333], "texture": "#1"}
			}
		},
		{
			"name": "octagon",
			"from": [5.51472, 9.5, 2],
			"to": [10.48528, 16, 3],
			"rotation": {"angle": 45, "axis": "y", "origin": [8, 24, 8]},
			"faces": {
				"north": {"uv": [0, 0, 0.55556, 0.72222], "texture": "#1"},
				"east": {"uv": [8.33333, 10.11111, 8.44444, 13.22222], "texture": "#1"},
				"south": {"uv": [0.66667, 0, 1.22222, 3.11111], "texture": "#1"},
				"west": {"uv": [6.66667, 10.66667, 6.77778, 13.77778], "texture": "#1"},
				"up": {"uv": [13.66667, 13.22222, 13.11111, 13.11111], "texture": "#1"},
				"down": {"uv": [13.77778, 0, 13.22222, 0.11111], "texture": "#1"}
			}
		},
		{
			"name": "octagon",
			"from": [5.51472, 9.5, 2],
			"to": [10.48528, 16, 3],
			"rotation": {"angle": 0, "axis": "y", "origin": [0, 16, 0]},
			"faces": {
				"north": {"uv": [1.33333, 2.38889, 1.88889, 3.11111], "texture": "#1"},
				"east": {"uv": [6.88889, 10.66667, 7, 13.77778], "texture": "#1"},
				"south": {"uv": [2, 0, 2.55556, 3.11111], "texture": "#1"},
				"west": {"uv": [8.55556, 10.66667, 8.66667, 13.77778], "texture": "#1"},
				"up": {"uv": [13.77778, 0.33333, 13.22222, 0.22222], "texture": "#1"},
				"down": {"uv": [13.77778, 0.44444, 13.22222, 0.55556], "texture": "#1"}
			}
		},
		{
			"name": "octagon",
			"from": [5.51472, 9.5, 13],
			"to": [10.48528, 16, 14],
			"rotation": {"angle": 45, "axis": "y", "origin": [8, 24, 8]},
			"faces": {
				"north": {"uv": [2.66667, 0, 3.22222, 3.11111], "texture": "#1"},
				"east": {"uv": [8.77778, 10.66667, 8.88889, 13.77778], "texture": "#1"},
				"south": {"uv": [0, 3.22222, 0.55556, 3.94444], "texture": "#1"},
				"west": {"uv": [9, 10.66667, 9.11111, 13.77778], "texture": "#1"},
				"up": {"uv": [13.77778, 0.77778, 13.22222, 0.66667], "texture": "#1"},
				"down": {"uv": [13.77778, 0.88889, 13.22222, 1], "texture": "#1"}
			}
		},
		{
			"name": "octagon",
			"from": [5.51472, 9.5, 13],
			"to": [10.48528, 16, 14],
			"rotation": {"angle": 0, "axis": "y", "origin": [0, 16, 0]},
			"faces": {
				"north": {"uv": [0.66667, 3.22222, 1.22222, 6.33333], "texture": "#1"},
				"east": {"uv": [9.22222, 10.66667, 9.33333, 13.77778], "texture": "#1"},
				"south": {"uv": [1.33333, 5.61111, 1.88889, 6.33333], "texture": "#1"},
				"west": {"uv": [9.44444, 10.66667, 9.55556, 13.77778], "texture": "#1"},
				"up": {"uv": [13.77778, 1.22222, 13.22222, 1.11111], "texture": "#1"},
				"down": {"uv": [13.77778, 4, 13.22222, 4.11111], "texture": "#1"}
			}
		},
		{
			"name": "octagon",
			"from": [3.61091, 9.5, 9.40381],
			"to": [4.61091, 16, 14.37437],
			"rotation": {"angle": 45, "axis": "y", "origin": [4.11091, 23.5, 11.88909]},
			"faces": {
				"north": {"uv": [9.66667, 10.66667, 9.77778, 13.77778], "texture": "#1"},
				"east": {"uv": [2, 3.22222, 2.55556, 6.33333], "texture": "#1"},
				"south": {"uv": [9.88889, 10.66667, 10, 13.77778], "texture": "#1"},
				"west": {"uv": [2.66667, 3.22222, 3.22222, 3.94444], "texture": "#1"},
				"up": {"uv": [11.88889, 11, 11.77778, 10.44444], "texture": "#1"},
				"down": {"uv": [12, 0, 11.88889, 0.55556], "texture": "#1"}
			}
		},
		{
			"name": "octagon",
			"from": [2, 9.5, 5.51472],
			"to": [3, 16, 10.48528],
			"rotation": {"angle": 0, "axis": "y", "origin": [0, 16, 0]},
			"faces": {
				"north": {"uv": [10.11111, 10.66667, 10.22222, 13.77778], "texture": "#1"},
				"east": {"uv": [3.33333, 0, 3.88889, 3.11111], "texture": "#1"},
				"south": {"uv": [10.33333, 10.66667, 10.44444, 13.77778], "texture": "#1"},
				"west": {"uv": [3.33333, 5.61111, 3.88889, 6.33333], "texture": "#1"},
				"up": {"uv": [12.11111, 11, 12, 10.44444], "texture": "#1"},
				"down": {"uv": [12.22222, 0, 12.11111, 0.55556], "texture": "#1"}
			}
		},
		{
			"name": "octagon",
			"from": [13, 9.5, 5.51472],
			"to": [14, 16, 10.48528],
			"rotation": {"angle": 45, "axis": "y", "origin": [8, 24, 8]},
			"faces": {
				"north": {"uv": [10.55556, 10.66667, 10.66667, 13.77778], "texture": "#1"},
				"east": {"uv": [4, 0, 4.55556, 0.72222], "texture": "#1"},
				"south": {"uv": [10.77778, 9.33333, 10.88889, 12.44444], "texture": "#1"},
				"west": {"uv": [4, 3.22222, 4.55556, 6.33333], "texture": "#1"},
				"up": {"uv": [13.33333, 4.77778, 13.22222, 4.22222], "texture": "#1"},
				"down": {"uv": [13.33333, 4.88889, 13.22222, 5.44444], "texture": "#1"}
			}
		},
		{
			"name": "octagon",
			"from": [13, 9.5, 5.51472],
			"to": [14, 16, 10.48528],
			"rotation": {"angle": 0, "axis": "y", "origin": [0, 16, 0]},
			"faces": {
				"north": {"uv": [10.88889, 0, 11, 3.11111], "texture": "#1"},
				"east": {"uv": [4.66667, 2.38889, 5.22222, 3.11111], "texture": "#1"},
				"south": {"uv": [10.88889, 3.22222, 11, 6.33333], "texture": "#1"},
				"west": {"uv": [4.66667, 3.22222, 5.22222, 6.33333], "texture": "#1"},
				"up": {"uv": [13.33333, 6.11111, 13.22222, 5.55556], "texture": "#1"},
				"down": {"uv": [13.44444, 1.33333, 13.33333, 1.88889], "texture": "#1"}
			}
		},
		{
			"from": [14.08135, 10.11836, 2.34435],
			"to": [15.08135, 16.11836, 5.65685],
			"rotation": {"angle": 22.5, "axis": "z", "origin": [14.58135, 12.61836, 4.0006]},
			"faces": {
				"north": {"uv": [2, 11.44444, 2.11111, 13.66667], "texture": "#1"},
				"east": {"uv": [3.33333, 7.97222, 3.69444, 8.63888], "texture": "#1"},
				"south": {"uv": [2.22222, 11.44444, 2.33333, 13.66667], "texture": "#1"},
				"west": {"uv": [0.55556, 6.44444, 0.91667, 8.66667], "texture": "#1"},
				"up": {"uv": [14, 11.02778, 13.88889, 10.66667], "texture": "#1"},
				"down": {"uv": [11, 13.88889, 10.88889, 14.25], "texture": "#1"}
			}
		},
		{
			"from": [0.91865, 10.11836, 2.34435],
			"to": [1.91865, 16.11836, 5.65685],
			"rotation": {"angle": -22.5, "axis": "z", "origin": [1.41865, 12.61836, 4.0006]},
			"faces": {
				"north": {"uv": [2.44444, 11.44444, 2.55556, 13.66667], "texture": "#1"},
				"east": {"uv": [1.11111, 6.44444, 1.47222, 8.66667], "texture": "#1"},
				"south": {"uv": [2.66667, 11.44444, 2.77778, 13.66667], "texture": "#1"},
				"west": {"uv": [1.66667, 7.97222, 2.02778, 8.63889], "texture": "#1"},
				"up": {"uv": [11.22222, 14.25, 11.11111, 13.88889], "texture": "#1"},
				"down": {"uv": [14, 11.22222, 13.88889, 11.58333], "texture": "#1"}
			}
		},
		{
			"from": [0.91865, 10.11836, 10.34315],
			"to": [1.91865, 16.11836, 13.65565],
			"rotation": {"angle": -22.5, "axis": "z", "origin": [1.41865, 12.61836, 11.9994]},
			"faces": {
				"north": {"uv": [2.88889, 11.44444, 3, 13.66667], "texture": "#1"},
				"east": {"uv": [2.22222, 6.44444, 2.58333, 8.66667], "texture": "#1"},
				"south": {"uv": [3.11111, 11.44444, 3.22222, 13.66667], "texture": "#1"},
				"west": {"uv": [2.77778, 7.97222, 3.13889, 8.63889], "texture": "#1"},
				"up": {"uv": [11.44444, 14.25, 11.33333, 13.88889], "texture": "#1"},
				"down": {"uv": [14, 11.77778, 13.88889, 12.13889], "texture": "#1"}
			}
		},
		{
			"from": [14.08135, 10.11836, 10.34315],
			"to": [15.08135, 16.11836, 13.65565],
			"rotation": {"angle": 22.5, "axis": "z", "origin": [14.58135, 12.61836, 11.9994]},
			"faces": {
				"north": {"uv": [3.33333, 11.44444, 3.44444, 13.66667], "texture": "#1"},
				"east": {"uv": [3.33333, 7.97222, 3.69444, 8.63889], "texture": "#1"},
				"south": {"uv": [3.55556, 11.44444, 3.66667, 13.66667], "texture": "#1"},
				"west": {"uv": [3.88889, 6.44444, 4.25, 8.66667], "texture": "#1"},
				"up": {"uv": [14, 12.69444, 13.88889, 12.33333], "texture": "#1"},
				"down": {"uv": [14, 13.77778, 13.88889, 14.13889], "texture": "#1"}
			}
		},
		{
			"from": [10.34435, 10.2706, 0.15328],
			"to": [13.65685, 16.2706, 1.15328],
			"rotation": {"angle": 22.5, "axis": "x", "origin": [11.8131, 10.7706, 0.65328]},
			"faces": {
				"north": {"uv": [4.44444, 7.97222, 4.80556, 8.63889], "texture": "#1"},
				"east": {"uv": [3.77778, 11.44444, 3.88889, 13.66667], "texture": "#1"},
				"south": {"uv": [6.88889, 0, 7.25, 2.22222], "texture": "#1"},
				"west": {"uv": [4, 11.44444, 4.11111, 13.66667], "texture": "#1"},
				"up": {"uv": [14.25, 13, 13.88889, 12.88889], "texture": "#1"},
				"down": {"uv": [2.25, 14, 1.88889, 14.11111], "texture": "#1"}
			}
		},
		{
			"from": [2.34315, 10.2706, 0.15328],
			"to": [5.65565, 16.2706, 1.15328],
			"rotation": {"angle": 22.5, "axis": "x", "origin": [4.1869, 10.7706, 0.65328]},
			"faces": {
				"north": {"uv": [6.88889, 3.86111, 7.25, 4.52777], "texture": "#1"},
				"east": {"uv": [4.22222, 11.44444, 4.33333, 13.66667], "texture": "#1"},
				"south": {"uv": [6.88889, 4.66667, 7.25, 6.88889], "texture": "#1"},
				"west": {"uv": [4.44444, 11.44444, 4.55556, 13.66667], "texture": "#1"},
				"up": {"uv": [14.36111, 2.11111, 14, 2], "texture": "#1"},
				"down": {"uv": [2.80556, 14, 2.44444, 14.11111], "texture": "#1"}
			}
		},
		{
			"from": [2.34315, 10.2706, 14.84672],
			"to": [5.65565, 16.2706, 15.84672],
			"rotation": {"angle": -22.5, "axis": "x", "origin": [4.1869, 10.7706, 15.34672]},
			"faces": {
				"north": {"uv": [6.88889, 7, 7.25, 9.22222], "texture": "#1"},
				"east": {"uv": [4.66667, 11.44444, 4.77778, 13.66667], "texture": "#1"},
				"south": {"uv": [7.44444, 1.52778, 7.80556, 2.19444], "texture": "#1"},
				"west": {"uv": [4.88889, 11.44444, 5, 13.66667], "texture": "#1"},
				"up": {"uv": [14.36111, 2.77778, 14, 2.66667], "texture": "#1"},
				"down": {"uv": [14.36111, 2.88889, 14, 3], "texture": "#1"}
			}
		},
		{
			"from": [10.34435, 10.2706, 14.84672],
			"to": [13.65685, 16.2706, 15.84672],
			"rotation": {"angle": -22.5, "axis": "x", "origin": [11.8131, 10.7706, 15.34672]},
			"faces": {
				"north": {"uv": [7.44444, 2.33333, 7.80556, 4.55556], "texture": "#1"},
				"east": {"uv": [5.11111, 11.44444, 5.22222, 13.66667], "texture": "#1"},
				"south": {"uv": [7.44444, 6.19444, 7.80556, 6.86111], "texture": "#1"},
				"west": {"uv": [5.33333, 11.44444, 5.44444, 13.66667], "texture": "#1"},
				"up": {"uv": [3.58333, 14.11111, 3.22222, 14], "texture": "#1"},
				"down": {"uv": [14.36111, 3.44444, 14, 3.55556], "texture": "#1"}
			}
		},
		{
			"name": "octagon",
			"from": [10.34315, 0, 0],
			"to": [13.65685, 10.5, 1],
			"rotation": {"angle": 45, "axis": "y", "origin": [12, 10, 4]},
			"faces": {
				"north": {"uv": [6.33333, 7.55556, 6.69444, 8.72222], "texture": "#1"},
				"east": {"uv": [11.77778, 2.33333, 11.88889, 3.5], "texture": "#1"},
				"south": {"uv": [8.11111, 6.11111, 8.47222, 7.27778], "texture": "#1"},
				"west": {"uv": [11.77778, 3.66667, 11.88889, 4.83333], "texture": "#1"},
				"up": {"uv": [4.13889, 14.11111, 3.77778, 14], "texture": "#1"},
				"down": {"uv": [4.69444, 14, 4.33333, 14.11111], "texture": "#1"}
			}
		},
		{
			"name": "octagon",
			"from": [2.34315, 0, 0],
			"to": [5.65685, 10.5, 1],
			"rotation": {"angle": -45, "axis": "y", "origin": [4, 10, 4]},
			"faces": {
				"north": {"uv": [8.11111, 7.44444, 8.47222, 8.61111], "texture": "#1"},
				"east": {"uv": [11.77778, 9.11111, 11.88889, 10.27778], "texture": "#1"},
				"south": {"uv": [7.44444, 8.22222, 7.80556, 9.38889], "texture": "#1"},
				"west": {"uv": [11, 11.77778, 11.11111, 12.94444], "texture": "#1"},
				"up": {"uv": [5.25, 14.11111, 4.88889, 14], "texture": "#1"},
				"down": {"uv": [5.80556, 14, 5.44444, 14.11111], "texture": "#1"}
			}
		},
		{
			"name": "octagon",
			"from": [2.34315, 0, 15],
			"to": [5.65685, 10.5, 16],
			"rotation": {"angle": 45, "axis": "y", "origin": [4, 10, 12]},
			"faces": {
				"north": {"uv": [8.66667, 0, 9.02778, 1.16667], "texture": "#1"},
				"east": {"uv": [11.22222, 11.77778, 11.33333, 12.94444], "texture": "#1"},
				"south": {"uv": [8.66667, 1.33333, 9.02778, 2.5], "texture": "#1"},
				"west": {"uv": [11.44444, 11.77778, 11.55556, 12.94444], "texture": "#1"},
				"up": {"uv": [14.36111, 6.55556, 14, 6.44444], "texture": "#1"},
				"down": {"uv": [14.36111, 6.66667, 14, 6.77778], "texture": "#1"}
			}
		},
		{
			"name": "octagon",
			"from": [10.34315, 0, 15],
			"to": [13.65685, 10.5, 16],
			"rotation": {"angle": -45, "axis": "y", "origin": [12, 10, 12]},
			"faces": {
				"north": {"uv": [8.66667, 2.66667, 9.02778, 3.83333], "texture": "#1"},
				"east": {"uv": [11.88889, 5, 12, 6.16667], "texture": "#1"},
				"south": {"uv": [8.66667, 4, 9.02778, 5.16667], "texture": "#1"},
				"west": {"uv": [11.88889, 6.33333, 12, 7.5], "texture": "#1"},
				"up": {"uv": [14.36111, 7, 14, 6.88889], "texture": "#1"},
				"down": {"uv": [14.36111, 7.11111, 14, 7.22222], "texture": "#1"}
			}
		},
		{
			"name": "octagon",
			"from": [10.34315, 0, 0],
			"to": [13.65685, 10.5, 1],
			"rotation": {"angle": 0, "axis": "y", "origin": [12, 10, 4]},
			"faces": {
				"north": {"uv": [8.66667, 5.33333, 9.02778, 6.5], "texture": "#1"},
				"east": {"uv": [12, 2.33333, 12.11111, 3.5], "texture": "#1"},
				"south": {"uv": [8.66667, 6.66667, 9.02778, 7.83333], "texture": "#1"},
				"west": {"uv": [12, 3.66667, 12.11111, 4.83333], "texture": "#1"},
				"up": {"uv": [14.36111, 7.44444, 14, 7.33333], "texture": "#1"},
				"down": {"uv": [7.91667, 14, 7.55556, 14.11111], "texture": "#1"}
			}
		},
		{
			"name": "octagon",
			"from": [2.34315, 0, 0],
			"to": [5.65685, 10.5, 1],
			"rotation": {"angle": 0, "axis": "y", "origin": [4, 10, 4]},
			"faces": {
				"north": {"uv": [8.66667, 8, 9.02778, 9.16667], "texture": "#1"},
				"east": {"uv": [12, 9.11111, 12.11111, 10.27778], "texture": "#1"},
				"south": {"uv": [0, 8.77778, 0.36111, 9.94444], "texture": "#1"},
				"west": {"uv": [0, 12.11111, 0.11111, 13.27778], "texture": "#1"},
				"up": {"uv": [14.36111, 7.66667, 14, 7.55556], "texture": "#1"},
				"down": {"uv": [14.36111, 8.44444, 14, 8.55556], "texture": "#1"}
			}
		},
		{
			"name": "octagon",
			"from": [2.34315, 0, 15],
			"to": [5.65685, 10.5, 16],
			"rotation": {"angle": 0, "axis": "y", "origin": [4, 10, 12]},
			"faces": {
				"north": {"uv": [0.55556, 8.77778, 0.91667, 9.94444], "texture": "#1"},
				"east": {"uv": [0.22222, 12.11111, 0.33333, 13.27778], "texture": "#1"},
				"south": {"uv": [1.11111, 8.77778, 1.47222, 9.94444], "texture": "#1"},
				"west": {"uv": [0.44444, 12.11111, 0.55556, 13.27778], "texture": "#1"},
				"up": {"uv": [14.36111, 8.77778, 14, 8.66667], "texture": "#1"},
				"down": {"uv": [12.91667, 14, 12.55556, 14.11111], "texture": "#1"}
			}
		},
		{
			"name": "octagon",
			"from": [10.34315, 0, 15],
			"to": [13.65685, 10.5, 16],
			"rotation": {"angle": 0, "axis": "y", "origin": [12, 10, 12]},
			"faces": {
				"north": {"uv": [1.66667, 8.77778, 2.02778, 9.94444], "texture": "#1"},
				"east": {"uv": [0.66667, 12.11111, 0.77778, 13.27778], "texture": "#1"},
				"south": {"uv": [1.11111, 8.77778, 1.47222, 9.94444], "texture": "#1"},
				"west": {"uv": [0.88889, 12.11111, 1, 13.27778], "texture": "#1"},
				"up": {"uv": [13.47222, 14.11111, 13.11111, 14], "texture": "#1"},
				"down": {"uv": [0.36111, 14.11111, 0, 14.22222], "texture": "#1"}
			}
		},
		{
			"name": "octagon",
			"from": [10.34315, 0, 7],
			"to": [13.65685, 10.5, 8],
			"rotation": {"angle": 45, "axis": "y", "origin": [12, 10, 4]},
			"faces": {
				"north": {"uv": [2.77778, 8.77778, 3.13889, 9.94444], "texture": "#1"},
				"east": {"uv": [1.11111, 12.11111, 1.22222, 13.27778], "texture": "#1"},
				"south": {"uv": [3.33333, 8.77778, 3.69444, 9.94444], "texture": "#1"},
				"west": {"uv": [1.33333, 12.11111, 1.44444, 13.27778], "texture": "#1"},
				"up": {"uv": [14.47222, 0.11111, 14.11111, 0], "texture": "#1"},
				"down": {"uv": [14.47222, 0.22222, 14.11111, 0.33333], "texture": "#1"}
			}
		},
		{
			"name": "octagon",
			"from": [2.34315, 0, 7],
			"to": [5.65685, 10.5, 8],
			"rotation": {"angle": -45, "axis": "y", "origin": [4, 10, 4]},
			"faces": {
				"north": {"uv": [3.88889, 8.77778, 4.25, 9.94444], "texture": "#1"},
				"east": {"uv": [1.55556, 12.11111, 1.66667, 13.27778], "texture": "#1"},
				"south": {"uv": [4.44444, 8.77778, 4.80556, 9.94444], "texture": "#1"},
				"west": {"uv": [1.77778, 12.11111, 1.88889, 13.27778], "texture": "#1"},
				"up": {"uv": [1.13889, 14.22222, 0.77778, 14.11111], "texture": "#1"},
				"down": {"uv": [14.47222, 4.22222, 14.11111, 4.33333], "texture": "#1"}
			}
		},
		{
			"name": "octagon",
			"from": [2.34315, 0, 8],
			"to": [5.65685, 10.5, 9],
			"rotation": {"angle": 45, "axis": "y", "origin": [4, 10, 12]},
			"faces": {
				"north": {"uv": [5, 8.77778, 5.36111, 9.94444], "texture": "#1"},
				"east": {"uv": [12.11111, 5, 12.22222, 6.16667], "texture": "#1"},
				"south": {"uv": [5.55556, 8.77778, 5.91667, 9.94444], "texture": "#1"},
				"west": {"uv": [12.11111, 6.33333, 12.22222, 7.5], "texture": "#1"},
				"up": {"uv": [14.47222, 4.55556, 14.11111, 4.44444], "texture": "#1"},
				"down": {"uv": [14.47222, 4.66667, 14.11111, 4.77778], "texture": "#1"}
			}
		},
		{
			"name": "octagon",
			"from": [10.34315, 0, 8],
			"to": [13.65685, 10.5, 9],
			"rotation": {"angle": -45, "axis": "y", "origin": [12, 10, 12]},
			"faces": {
				"north": {"uv": [8, 8.77778, 8.36111, 9.94444], "texture": "#1"},
				"east": {"uv": [12.22222, 2.33333, 12.33333, 3.5], "texture": "#1"},
				"south": {"uv": [6.11111, 8.88889, 6.47222, 10.05556], "texture": "#1"},
				"west": {"uv": [12.22222, 3.66667, 12.33333, 4.83333], "texture": "#1"},
				"up": {"uv": [14.47222, 5, 14.11111, 4.88889], "texture": "#1"},
				"down": {"uv": [14.47222, 5.11111, 14.11111, 5.22222], "texture": "#1"}
			}
		},
		{
			"name": "octagon",
			"from": [10.34315, 0, 7],
			"to": [13.65685, 10.5, 8],
			"rotation": {"angle": 0, "axis": "y", "origin": [12, 10, 4]},
			"faces": {
				"north": {"uv": [9.22222, 0, 9.58333, 1.16667], "texture": "#1"},
				"east": {"uv": [7.11111, 12.22222, 7.22222, 13.38889], "texture": "#1"},
				"south": {"uv": [9.22222, 1.33333, 9.58333, 2.5], "texture": "#1"},
				"west": {"uv": [7.33333, 12.22222, 7.44444, 13.38889], "texture": "#1"},
				"up": {"uv": [14.47222, 5.44444, 14.11111, 5.33333], "texture": "#1"},
				"down": {"uv": [14.47222, 5.55556, 14.11111, 5.66667], "texture": "#1"}
			}
		},
		{
			"name": "octagon",
			"from": [2.34315, 0, 7],
			"to": [5.65685, 10.5, 8],
			"rotation": {"angle": 0, "axis": "y", "origin": [4, 10, 4]},
			"faces": {
				"north": {"uv": [9.22222, 2.66667, 9.58333, 3.83333], "texture": "#1"},
				"east": {"uv": [7.55556, 12.22222, 7.66667, 13.38889], "texture": "#1"},
				"south": {"uv": [9.22222, 4, 9.58333, 5.16667], "texture": "#1"},
				"west": {"uv": [12.22222, 7.66667, 12.33333, 8.83333], "texture": "#1"},
				"up": {"uv": [14.47222, 5.88889, 14.11111, 5.77778], "texture": "#1"},
				"down": {"uv": [14.47222, 6, 14.11111, 6.11111], "texture": "#1"}
			}
		},
		{
			"name": "octagon",
			"from": [2.34315, 0, 8],
			"to": [5.65685, 10.5, 9],
			"rotation": {"angle": 0, "axis": "y", "origin": [4, 10, 12]},
			"faces": {
				"north": {"uv": [9.22222, 5.33333, 9.58333, 6.5], "texture": "#1"},
				"east": {"uv": [12.22222, 9, 12.33333, 10.16667], "texture": "#1"},
				"south": {"uv": [9.22222, 6.66667, 9.58333, 7.83333], "texture": "#1"},
				"west": {"uv": [12.22222, 10.33333, 12.33333, 11.5], "texture": "#1"},
				"up": {"uv": [8.80556, 14.22222, 8.44444, 14.11111], "texture": "#1"},
				"down": {"uv": [14.47222, 8.88889, 14.11111, 9], "texture": "#1"}
			}
		},
		{
			"name": "octagon",
			"from": [10.34315, 0, 8],
			"to": [13.65685, 10.5, 9],
			"rotation": {"angle": 0, "axis": "y", "origin": [12, 10, 12]},
			"faces": {
				"north": {"uv": [9.22222, 8, 9.58333, 9.16667], "texture": "#1"},
				"east": {"uv": [11.66667, 12.22222, 11.77778, 13.38889], "texture": "#1"},
				"south": {"uv": [6.66667, 9.33333, 7.02778, 10.5], "texture": "#1"},
				"west": {"uv": [12.22222, 11.66667, 12.33333, 12.83333], "texture": "#1"},
				"up": {"uv": [9.36111, 14.22222, 9, 14.11111], "texture": "#1"},
				"down": {"uv": [14.47222, 9.11111, 14.11111, 9.22222], "texture": "#1"}
			}
		},
		{
			"name": "octagon",
			"from": [8, 0, 2.34315],
			"to": [9, 10.5, 5.65685],
			"rotation": {"angle": 45, "axis": "y", "origin": [12, 10, 4]},
			"faces": {
				"north": {"uv": [11.88889, 12.22222, 12, 13.38889], "texture": "#1"},
				"east": {"uv": [8.55556, 9.33333, 8.91667, 10.5], "texture": "#1"},
				"south": {"uv": [12.33333, 0, 12.44444, 1.16667], "texture": "#1"},
				"west": {"uv": [9.11111, 9.33333, 9.47222, 10.5], "texture": "#1"},
				"up": {"uv": [13.77778, 14.36111, 13.66667, 14], "texture": "#1"},
				"down": {"uv": [14.22222, 9.66667, 14.11111, 10.02778], "texture": "#1"}
			}
		},
		{
			"name": "octagon",
			"from": [7, 0, 2.34315],
			"to": [8, 10.5, 5.65685],
			"rotation": {"angle": -45, "axis": "y", "origin": [4, 10, 4]},
			"faces": {
				"north": {"uv": [12.33333, 5, 12.44444, 6.16667], "texture": "#1"},
				"east": {"uv": [7.22222, 9.55556, 7.58333, 10.72222], "texture": "#1"},
				"south": {"uv": [12.33333, 6.33333, 12.44444, 7.5], "texture": "#1"},
				"west": {"uv": [9.66667, 9.33333, 10.02778, 10.5], "texture": "#1"},
				"up": {"uv": [9.88889, 14.47222, 9.77778, 14.11111], "texture": "#1"},
				"down": {"uv": [10.11111, 14.11111, 10, 14.47222], "texture": "#1"}
			}
		},
		{
			"name": "octagon",
			"from": [7, 0, 10.34315],
			"to": [8, 10.5, 13.65685],
			"rotation": {"angle": 45, "axis": "y", "origin": [4, 10, 12]},
			"faces": {
				"north": {"uv": [12.44444, 1.33333, 12.55556, 2.5], "texture": "#1"},
				"east": {"uv": [9.77778, 0, 10.13889, 1.16667], "texture": "#1"},
				"south": {"uv": [12.44444, 2.66667, 12.55556, 3.83333], "texture": "#1"},
				"west": {"uv": [9.77778, 1.33333, 10.13889, 2.5], "texture": "#1"},
				"up": {"uv": [10.33333, 14.47222, 10.22222, 14.11111], "texture": "#1"},
				"down": {"uv": [10.55556, 14.11111, 10.44444, 14.47222], "texture": "#1"}
			}
		},
		{
			"name": "octagon",
			"from": [8, 0, 10.34315],
			"to": [9, 10.5, 13.65685],
			"rotation": {"angle": -45, "axis": "y", "origin": [12, 10, 12]},
			"faces": {
				"north": {"uv": [12.44444, 7.66667, 12.55556, 8.83333], "texture": "#1"},
				"east": {"uv": [9.77778, 2.66667, 10.13889, 3.83333], "texture": "#1"},
				"south": {"uv": [12.44444, 9, 12.55556, 10.16667], "texture": "#1"},
				"west": {"uv": [9.77778, 4, 10.13889, 5.16667], "texture": "#1"},
				"up": {"uv": [10.77778, 14.47222, 10.66667, 14.11111], "texture": "#1"},
				"down": {"uv": [14.22222, 10.66667, 14.11111, 11.02778], "texture": "#1"}
			}
		},
		{
			"name": "octagon",
			"from": [8, 0, 2.34315],
			"to": [9, 10.5, 5.65685],
			"rotation": {"angle": 0, "axis": "y", "origin": [12, 10, 4]},
			"faces": {
				"north": {"uv": [12.44444, 10.33333, 12.55556, 11.5], "texture": "#1"},
				"east": {"uv": [9.77778, 5.33333, 10.13889, 6.5], "texture": "#1"},
				"south": {"uv": [12.44444, 11.66667, 12.55556, 12.83333], "texture": "#1"},
				"west": {"uv": [9.77778, 6.66667, 10.13889, 7.83333], "texture": "#1"},
				"up": {"uv": [14.22222, 11.58333, 14.11111, 11.22222], "texture": "#1"},
				"down": {"uv": [14.22222, 11.77778, 14.11111, 12.13889], "texture": "#1"}
			}
		},
		{
			"name": "octagon",
			"from": [7, 0, 2.34315],
			"to": [8, 10.5, 5.65685],
			"rotation": {"angle": 0, "axis": "y", "origin": [4, 10, 4]},
			"faces": {
				"north": {"uv": [12.55556, 0, 12.66667, 1.16667], "texture": "#1"},
				"east": {"uv": [9.77778, 8, 10.13889, 9.16667], "texture": "#1"},
				"south": {"uv": [12.55556, 4, 12.66667, 5.16667], "texture": "#1"},
				"west": {"uv": [0, 10.11111, 0.36111, 11.27778], "texture": "#1"},
				"up": {"uv": [12, 14.47222, 11.88889, 14.11111], "texture": "#1"},
				"down": {"uv": [14.22222, 12.33333, 14.11111, 12.69444], "texture": "#1"}
			}
		},
		{
			"name": "octagon",
			"from": [7, 0, 10.34315],
			"to": [8, 10.5, 13.65685],
			"rotation": {"angle": 0, "axis": "y", "origin": [4, 10, 12]},
			"faces": {
				"north": {"uv": [12.55556, 5.33333, 12.66667, 6.5], "texture": "#1"},
				"east": {"uv": [0.55556, 10.11111, 0.91667, 11.27778], "texture": "#1"},
				"south": {"uv": [10.77778, 12.55556, 10.88889, 13.72222], "texture": "#1"},
				"west": {"uv": [1.11111, 10.11111, 1.47222, 11.27778], "texture": "#1"},
				"up": {"uv": [14.22222, 13.69444, 14.11111, 13.33333], "texture": "#1"},
				"down": {"uv": [14.22222, 13.88889, 14.11111, 14.25], "texture": "#1"}
			}
		},
		{
			"name": "octagon",
			"from": [8, 0, 10.34315],
			"to": [9, 10.5, 13.65685],
			"rotation": {"angle": 0, "axis": "y", "origin": [12, 10, 12]},
			"faces": {
				"north": {"uv": [12.66667, 1.33333, 12.77778, 2.5], "texture": "#1"},
				"east": {"uv": [1.66667, 10.11111, 2.02778, 11.27778], "texture": "#1"},
				"south": {"uv": [12.66667, 2.66667, 12.77778, 3.83333], "texture": "#1"},
				"west": {"uv": [2.22222, 10.11111, 2.58333, 11.27778], "texture": "#1"},
				"up": {"uv": [14.33333, 1.58333, 14.22222, 1.22222], "texture": "#1"},
				"down": {"uv": [1.66667, 14.22222, 1.55556, 14.58333], "texture": "#1"}
			}
		},
		{
			"name": "octagon",
			"from": [15, 0, 2.34315],
			"to": [16, 10.5, 5.65685],
			"rotation": {"angle": 45, "axis": "y", "origin": [12, 10, 4]},
			"faces": {
				"north": {"uv": [12.66667, 6.66667, 12.77778, 7.83333], "texture": "#1"},
				"east": {"uv": [2.77778, 10.11111, 3.13889, 11.27778], "texture": "#1"},
				"south": {"uv": [12.66667, 8, 12.77778, 9.16667], "texture": "#1"},
				"west": {"uv": [3.33333, 10.11111, 3.69444, 11.27778], "texture": "#1"},
				"up": {"uv": [1.88889, 14.58333, 1.77778, 14.22222], "texture": "#1"},
				"down": {"uv": [2.11111, 14.22222, 2, 14.58333], "texture": "#1"}
			}
		},
		{
			"name": "octagon",
			"from": [0, 0, 2.34315],
			"to": [1, 10.5, 5.65685],
			"rotation": {"angle": -45, "axis": "y", "origin": [4, 10, 4]},
			"faces": {
				"north": {"uv": [12.66667, 9.33333, 12.77778, 10.5], "texture": "#1"},
				"east": {"uv": [3.88889, 10.11111, 4.25, 11.27778], "texture": "#1"},
				"south": {"uv": [12.66667, 10.66667, 12.77778, 11.83333], "texture": "#1"},
				"west": {"uv": [4.44444, 10.11111, 4.80556, 11.27778], "texture": "#1"},
				"up": {"uv": [2.33333, 14.58333, 2.22222, 14.22222], "texture": "#1"},
				"down": {"uv": [2.55556, 14.22222, 2.44444, 14.58333], "texture": "#1"}
			}
		},
		{
			"name": "octagon",
			"from": [0, 0, 10.34315],
			"to": [1, 10.5, 13.65685],
			"rotation": {"angle": 45, "axis": "y", "origin": [4, 10, 12]},
			"faces": {
				"north": {"uv": [12.66667, 12, 12.77778, 13.16667], "texture": "#1"},
				"east": {"uv": [5, 10.11111, 5.36111, 11.27778], "texture": "#1"},
				"south": {"uv": [12.77778, 0, 12.88889, 1.16667], "texture": "#1"},
				"west": {"uv": [5.55556, 10.11111, 5.91667, 11.27778], "texture": "#1"},
				"up": {"uv": [2.77778, 14.58333, 2.66667, 14.22222], "texture": "#1"},
				"down": {"uv": [3.33333, 14.22222, 3.22222, 14.58333], "texture": "#1"}
			}
		},
		{
			"name": "octagon",
			"from": [15, 0, 10.34315],
			"to": [16, 10.5, 13.65685],
			"rotation": {"angle": -45, "axis": "y", "origin": [12, 10, 12]},
			"faces": {
				"north": {"uv": [12.77778, 4, 12.88889, 5.16667], "texture": "#1"},
				"east": {"uv": [7.77778, 10.11111, 8.13889, 11.27778], "texture": "#1"},
				"south": {"uv": [12.77778, 5.33333, 12.88889, 6.5], "texture": "#1"},
				"west": {"uv": [6.11111, 10.22222, 6.47222, 11.38889], "texture": "#1"},
				"up": {"uv": [3.55556, 14.58333, 3.44444, 14.22222], "texture": "#1"},
				"down": {"uv": [3.77778, 14.22222, 3.66667, 14.58333], "texture": "#1"}
			}
		},
		{
			"name": "octagon",
			"from": [15, 0, 2.34315],
			"to": [16, 10.5, 5.65685],
			"rotation": {"angle": 0, "axis": "y", "origin": [12, 10, 4]},
			"faces": {
				"north": {"uv": [12.88889, 1.33333, 13, 2.5], "texture": "#1"},
				"east": {"uv": [10.22222, 9.33333, 10.58333, 10.5], "texture": "#1"},
				"south": {"uv": [12.88889, 2.66667, 13, 3.83333], "texture": "#1"},
				"west": {"uv": [10.33333, 0, 10.69444, 1.16667], "texture": "#1"},
				"up": {"uv": [4, 14.58333, 3.88889, 14.22222], "texture": "#1"},
				"down": {"uv": [4.22222, 14.22222, 4.11111, 14.58333], "texture": "#1"}
			}
		},
		{
			"name": "octagon",
			"from": [0, 0, 2.34315],
			"to": [1, 10.5, 5.65685],
			"rotation": {"angle": 0, "axis": "y", "origin": [4, 10, 4]},
			"faces": {
				"north": {"uv": [12.88889, 6.66667, 13, 7.83333], "texture": "#1"},
				"east": {"uv": [10.33333, 1.33333, 10.69444, 2.5], "texture": "#1"},
				"south": {"uv": [12.88889, 8, 13, 9.16667], "texture": "#1"},
				"west": {"uv": [10.33333, 2.66667, 10.69444, 3.83333], "texture": "#1"},
				"up": {"uv": [4.44444, 14.58333, 4.33333, 14.22222], "texture": "#1"},
				"down": {"uv": [4.66667, 14.22222, 4.55556, 14.58333], "texture": "#1"}
			}
		},
		{
			"name": "octagon",
			"from": [0, 0, 10.34315],
			"to": [1, 10.5, 13.65685],
			"rotation": {"angle": 0, "axis": "y", "origin": [4, 10, 12]},
			"faces": {
				"north": {"uv": [12.88889, 9.33333, 13, 10.5], "texture": "#1"},
				"east": {"uv": [10.33333, 4, 10.69444, 5.16667], "texture": "#1"},
				"south": {"uv": [12.88889, 10.66667, 13, 11.83333], "texture": "#1"},
				"west": {"uv": [10.33333, 5.33333, 10.69444, 6.5], "texture": "#1"},
				"up": {"uv": [4.88889, 14.58333, 4.77778, 14.22222], "texture": "#1"},
				"down": {"uv": [5.11111, 14.22222, 5, 14.58333], "texture": "#1"}
			}
		},
		{
			"name": "octagon",
			"from": [15, 0, 10.34315],
			"to": [16, 10.5, 13.65685],
			"rotation": {"angle": 0, "axis": "y", "origin": [12, 10, 12]},
			"faces": {
				"north": {"uv": [12.88889, 12, 13, 13.16667], "texture": "#1"},
				"east": {"uv": [10.33333, 6.66667, 10.69444, 7.83333], "texture": "#1"},
				"south": {"uv": [13, 0, 13.11111, 1.16667], "texture": "#1"},
				"west": {"uv": [10.33333, 8, 10.69444, 9.16667], "texture": "#1"},
				"up": {"uv": [5.33333, 14.58333, 5.22222, 14.22222], "texture": "#1"},
				"down": {"uv": [5.55556, 14.22222, 5.44444, 14.58333], "texture": "#1"}
			}
		},
		{
			"from": [9, 9.25, 1.75],
			"to": [15, 10.25, 6.25],
			"rotation": {"angle": 0, "axis": "y", "origin": [12, 9.75, 4]},
			"faces": {
				"north": {"uv": [13.11111, 3.77778, 13.77778, 3.88889], "texture": "#1"},
				"east": {"uv": [13.33333, 8.44444, 13.83333, 8.55556], "texture": "#1"},
				"south": {"uv": [13.11111, 8.88889, 13.77778, 9], "texture": "#1"},
				"west": {"uv": [13.33333, 8.66667, 13.83333, 8.77778], "texture": "#1"},
				"up": {"uv": [11.55556, 6.94444, 10.88889, 6.44444], "texture": "#1"},
				"down": {"uv": [11.55556, 7.11111, 10.88889, 7.61111], "texture": "#1"}
			}
		},
		{
			"from": [1, 9.25, 1.75],
			"to": [7, 10.25, 6.25],
			"rotation": {"angle": 0, "axis": "y", "origin": [4, 9.75, 4]},
			"faces": {
				"north": {"uv": [13.11111, 9.11111, 13.77778, 9.22222], "texture": "#1"},
				"east": {"uv": [12.77778, 13.33333, 13.27778, 13.44444], "texture": "#1"},
				"south": {"uv": [13.11111, 9.33333, 13.77778, 9.44444], "texture": "#1"},
				"west": {"uv": [0, 13.44444, 0.5, 13.55556], "texture": "#1"},
				"up": {"uv": [11.55556, 8.27778, 10.88889, 7.77778], "texture": "#1"},
				"down": {"uv": [11.55556, 8.44444, 10.88889, 8.94444], "texture": "#1"}
			}
		},
		{
			"from": [1, 9.25, 9.75],
			"to": [7, 10.25, 14.25],
			"rotation": {"angle": 0, "axis": "y", "origin": [4, 9.75, 12]},
			"faces": {
				"north": {"uv": [13.11111, 9.55556, 13.77778, 9.66667], "texture": "#1"},
				"east": {"uv": [0.66667, 13.44444, 1.16667, 13.55556], "texture": "#1"},
				"south": {"uv": [13.11111, 9.77778, 13.77778, 9.88889], "texture": "#1"},
				"west": {"uv": [1.33333, 13.44444, 1.83333, 13.55556], "texture": "#1"},
				"up": {"uv": [11.66667, 9.61111, 11, 9.11111], "texture": "#1"},
				"down": {"uv": [11.66667, 9.77778, 11, 10.27778], "texture": "#1"}
			}
		},
		{
			"from": [9, 9.25, 9.75],
			"to": [15, 10.25, 14.25],
			"rotation": {"angle": 0, "axis": "y", "origin": [12, 9.75, 12]},
			"faces": {
				"north": {"uv": [13.11111, 10, 13.77778, 10.11111], "texture": "#1"},
				"east": {"uv": [13.44444, 4.22222, 13.94444, 4.33333], "texture": "#1"},
				"south": {"uv": [13.11111, 10.22222, 13.77778, 10.33333], "texture": "#1"},
				"west": {"uv": [13.44444, 4.44444, 13.94444, 4.55556], "texture": "#1"},
				"up": {"uv": [11.66667, 10.94444, 11, 10.44444], "texture": "#1"},
				"down": {"uv": [11.77778, 0, 11.11111, 0.5], "texture": "#1"}
			}
		},
		{
			"from": [9.75, 9.25, 1],
			"to": [14.25, 10.25, 7],
			"rotation": {"angle": 0, "axis": "y", "origin": [12, 9.75, 4]},
			"faces": {
				"north": {"uv": [13.44444, 4.66667, 13.94444, 4.77778], "texture": "#1"},
				"east": {"uv": [13.11111, 10.44444, 13.77778, 10.55556], "texture": "#1"},
				"south": {"uv": [13.44444, 4.88889, 13.94444, 5], "texture": "#1"},
				"west": {"uv": [13.11111, 10.66667, 13.77778, 10.77778], "texture": "#1"},
				"up": {"uv": [7.61111, 11.55556, 7.11111, 10.88889], "texture": "#1"},
				"down": {"uv": [11.61111, 0.66667, 11.11111, 1.33333], "texture": "#1"}
			}
		},
		{
			"from": [1.75, 9.25, 1],
			"to": [6.25, 10.25, 7],
			"rotation": {"angle": 0, "axis": "y", "origin": [4, 9.75, 4]},
			"faces": {
				"north": {"uv": [13.44444, 5.11111, 13.94444, 5.22222], "texture": "#1"},
				"east": {"uv": [13.11111, 10.88889, 13.77778, 11], "texture": "#1"},
				"south": {"uv": [13.44444, 5.33333, 13.94444, 5.44444], "texture": "#1"},
				"west": {"uv": [13.11111, 11.11111, 13.77778, 11.22222], "texture": "#1"},
				"up": {"uv": [11.61111, 2.11111, 11.11111, 1.44444], "texture": "#1"},
				"down": {"uv": [11.61111, 2.22222, 11.11111, 2.88889], "texture": "#1"}
			}
		},
		{
			"from": [1.75, 9.25, 9],
			"to": [6.25, 10.25, 15],
			"rotation": {"angle": 0, "axis": "y", "origin": [4, 9.75, 12]},
			"faces": {
				"north": {"uv": [13.44444, 5.55556, 13.94444, 5.66667], "texture": "#1"},
				"east": {"uv": [13.11111, 11.33333, 13.77778, 11.44444], "texture": "#1"},
				"south": {"uv": [13.44444, 5.77778, 13.94444, 5.88889], "texture": "#1"},
				"west": {"uv": [13.11111, 11.55556, 13.77778, 11.66667], "texture": "#1"},
				"up": {"uv": [11.61111, 3.66667, 11.11111, 3], "texture": "#1"},
				"down": {"uv": [11.61111, 3.77778, 11.11111, 4.44444], "texture": "#1"}
			}
		},
		{
			"from": [9.75, 9.25, 9],
			"to": [14.25, 10.25, 15],
			"rotation": {"angle": 0, "axis": "y", "origin": [12, 9.75, 12]},
			"faces": {
				"north": {"uv": [6, 13.44444, 6.5, 13.55556], "texture": "#1"},
				"east": {"uv": [13.11111, 11.77778, 13.77778, 11.88889], "texture": "#1"},
				"south": {"uv": [13.44444, 6, 13.94444, 6.11111], "texture": "#1"},
				"west": {"uv": [13.11111, 12, 13.77778, 12.11111], "texture": "#1"},
				"up": {"uv": [11.61111, 5.22222, 11.11111, 4.55556], "texture": "#1"},
				"down": {"uv": [11.61111, 5.33333, 11.11111, 6], "texture": "#1"}
			}
		},
		{
			"from": [6.1875, 0, 6.3125],
			"to": [9.5625, 1, 9.6875],
			"rotation": {"angle": 45, "axis": "y", "origin": [7.9375, 0.5, 7.875]},
			"faces": {
				"north": {"uv": [13.88889, 0.55556, 14.27778, 0.66667], "texture": "#1"},
				"east": {"uv": [0.77778, 13.88889, 1.16667, 14], "texture": "#1"},
				"south": {"uv": [13.88889, 0.77778, 14.27778, 0.88889], "texture": "#1"},
				"west": {"uv": [13.88889, 1, 14.27778, 1.11111], "texture": "#1"},
				"up": {"uv": [12.05556, 12.05556, 11.66667, 11.66667], "texture": "#1"},
				"down": {"uv": [12.16667, 0.66667, 11.77778, 1.05556], "texture": "#1"}
			}
		},
		{
			"from": [2.4375, 15, 2.3125],
			"to": [13.5625, 16, 13.6875],
			"rotation": {"angle": 0, "axis": "y", "origin": [7.9375, 0.5, 7.875]},
			"faces": {
				"north": {"uv": [13.88889, 0.55556, 14.27778, 0.66667], "texture": "#1"},
				"east": {"uv": [0.77778, 13.88889, 1.16667, 14], "texture": "#1"},
				"south": {"uv": [13.88889, 0.77778, 14.27778, 0.88889], "texture": "#1"},
				"west": {"uv": [13.88889, 1, 14.27778, 1.11111], "texture": "#1"},
				"up": {"uv": [12.05556, 12.05556, 11.66667, 11.66667], "texture": "#1"},
				"down": {"uv": [12.16667, 0.66667, 11.77778, 1.05556], "texture": "#1"}
			}
		},
		{
			"from": [8.375, 10.5, 1.4375],
			"to": [11.375, 11.5, 2.4375],
			"rotation": {"angle": 45, "axis": "y", "origin": [9.875, 11, 1.9375]},
			"faces": {
				"north": {"uv": [8.88889, 14.33333, 9.22222, 14.44444], "texture": "#1"},
				"east": {"uv": [15.44444, 8.55556, 15.55556, 8.66667], "texture": "#1"},
				"south": {"uv": [14.33333, 9.66667, 14.66667, 9.77778], "texture": "#1"},
				"west": {"uv": [8.66667, 15.44444, 8.77778, 15.55556], "texture": "#1"},
				"up": {"uv": [14.66667, 10, 14.33333, 9.88889], "texture": "#1"},
				"down": {"uv": [14.66667, 10.66667, 14.33333, 10.77778], "texture": "#1"}
			}
		},
		{
			"from": [4.625, 10.5, 1.4375],
			"to": [7.625, 11.5, 2.4375],
			"rotation": {"angle": -45, "axis": "y", "origin": [6.125, 11, 1.9375]},
			"faces": {
				"north": {"uv": [14.33333, 10.88889, 14.66667, 11], "texture": "#1"},
				"east": {"uv": [15.44444, 8.77778, 15.55556, 8.88889], "texture": "#1"},
				"south": {"uv": [14.33333, 11.11111, 14.66667, 11.22222], "texture": "#1"},
				"west": {"uv": [8.88889, 15.44444, 9, 15.55556], "texture": "#1"},
				"up": {"uv": [14.66667, 11.44444, 14.33333, 11.33333], "texture": "#1"},
				"down": {"uv": [14.66667, 11.55556, 14.33333, 11.66667], "texture": "#1"}
			}
		},
		{
			"from": [4.625, 10.5, 13.5625],
			"to": [7.625, 11.5, 14.5625],
			"rotation": {"angle": 45, "axis": "y", "origin": [6.125, 11, 14.0625]},
			"faces": {
				"north": {"uv": [14.33333, 11.77778, 14.66667, 11.88889], "texture": "#1"},
				"east": {"uv": [15.44444, 9, 15.55556, 9.11111], "texture": "#1"},
				"south": {"uv": [14.33333, 12, 14.66667, 12.11111], "texture": "#1"},
				"west": {"uv": [11.88889, 15.44444, 12, 15.55556], "texture": "#1"},
				"up": {"uv": [14.66667, 12.33333, 14.33333, 12.22222], "texture": "#1"},
				"down": {"uv": [14.66667, 12.44444, 14.33333, 12.55556], "texture": "#1"}
			}
		},
		{
			"from": [8.375, 10.5, 13.5625],
			"to": [11.375, 11.5, 14.5625],
			"rotation": {"angle": -45, "axis": "y", "origin": [9.875, 11, 14.0625]},
			"faces": {
				"north": {"uv": [14.33333, 12.66667, 14.66667, 12.77778], "texture": "#1"},
				"east": {"uv": [13.44444, 15.44444, 13.55556, 15.55556], "texture": "#1"},
				"south": {"uv": [14.33333, 13.11111, 14.66667, 13.22222], "texture": "#1"},
				"west": {"uv": [14.77778, 15.44444, 14.88889, 15.55556], "texture": "#1"},
				"up": {"uv": [14.66667, 13.44444, 14.33333, 13.33333], "texture": "#1"},
				"down": {"uv": [14.66667, 13.55556, 14.33333, 13.66667], "texture": "#1"}
			}
		},
		{
			"from": [8.875, 11.5, 1.6875],
			"to": [11.375, 12.5, 2.6875],
			"rotation": {"angle": 45, "axis": "y", "origin": [10.125, 12, 2.1875]},
			"faces": {
				"north": {"uv": [14.77778, 12.55556, 15.05556, 12.66667], "texture": "#1"},
				"east": {"uv": [15, 15.44444, 15.11111, 15.55556], "texture": "#1"},
				"south": {"uv": [14.77778, 13.11111, 15.05556, 13.22222], "texture": "#1"},
				"west": {"uv": [1, 15.55556, 1.11111, 15.66667], "texture": "#1"},
				"up": {"uv": [15.05556, 13.44444, 14.77778, 13.33333], "texture": "#1"},
				"down": {"uv": [15.05556, 13.55556, 14.77778, 13.66667], "texture": "#1"}
			}
		},
		{
			"from": [4.625, 11.5, 1.6875],
			"to": [7.125, 12.5, 2.6875],
			"rotation": {"angle": -45, "axis": "y", "origin": [5.875, 12, 2.1875]},
			"faces": {
				"north": {"uv": [14.77778, 13.77778, 15.05556, 13.88889], "texture": "#1"},
				"east": {"uv": [15.55556, 2.22222, 15.66667, 2.33333], "texture": "#1"},
				"south": {"uv": [14.77778, 14, 15.05556, 14.11111], "texture": "#1"},
				"west": {"uv": [15.55556, 2.44444, 15.66667, 2.55556], "texture": "#1"},
				"up": {"uv": [15.05556, 14.33333, 14.77778, 14.22222], "texture": "#1"},
				"down": {"uv": [15.16667, 0.44444, 14.88889, 0.55556], "texture": "#1"}
			}
		},
		{
			"from": [4.625, 11.5, 13.3125],
			"to": [7.125, 12.5, 14.3125],
			"rotation": {"angle": 45, "axis": "y", "origin": [5.875, 12, 13.8125]},
			"faces": {
				"north": {"uv": [14.88889, 0.66667, 15.16667, 0.77778], "texture": "#1"},
				"east": {"uv": [15.55556, 2.66667, 15.66667, 2.77778], "texture": "#1"},
				"south": {"uv": [14.88889, 0.88889, 15.16667, 1], "texture": "#1"},
				"west": {"uv": [3.88889, 15.55556, 4, 15.66667], "texture": "#1"},
				"up": {"uv": [15.16667, 1.22222, 14.88889, 1.11111], "texture": "#1"},
				"down": {"uv": [15.16667, 1.33333, 14.88889, 1.44444], "texture": "#1"}
			}
		},
		{
			"from": [8.875, 11.5, 13.3125],
			"to": [11.375, 12.5, 14.3125],
			"rotation": {"angle": -45, "axis": "y", "origin": [10.125, 12, 13.8125]},
			"faces": {
				"north": {"uv": [14.88889, 1.55556, 15.16667, 1.66667], "texture": "#1"},
				"east": {"uv": [4.11111, 15.55556, 4.22222, 15.66667], "texture": "#1"},
				"south": {"uv": [14.88889, 3.55556, 15.16667, 3.66667], "texture": "#1"},
				"west": {"uv": [6.33333, 15.55556, 6.44444, 15.66667], "texture": "#1"},
				"up": {"uv": [15.16667, 3.88889, 14.88889, 3.77778], "texture": "#1"},
				"down": {"uv": [15.16667, 4, 14.88889, 4.11111], "texture": "#1"}
			}
		},
		{
			"from": [9.875, 12.5, 1.6875],
			"to": [11.375, 13.5, 2.6875],
			"rotation": {"angle": 45, "axis": "y", "origin": [10.625, 13, 2.1875]},
			"faces": {
				"north": {"uv": [15.22222, 13.44444, 15.38889, 13.55556], "texture": "#1"},
				"east": {"uv": [6.55556, 15.55556, 6.66667, 15.66667], "texture": "#1"},
				"south": {"uv": [15.22222, 13.66667, 15.38889, 13.77778], "texture": "#1"},
				"west": {"uv": [6.77778, 15.55556, 6.88889, 15.66667], "texture": "#1"},
				"up": {"uv": [15.38889, 14, 15.22222, 13.88889], "texture": "#1"},
				"down": {"uv": [15.38889, 14.11111, 15.22222, 14.22222], "texture": "#1"}
			}
		},
		{
			"from": [4.625, 12.5, 1.6875],
			"to": [6.125, 13.5, 2.6875],
			"rotation": {"angle": -45, "axis": "y", "origin": [5.375, 13, 2.1875]},
			"faces": {
				"north": {"uv": [15.22222, 14.66667, 15.38889, 14.77778], "texture": "#1"},
				"east": {"uv": [7.44444, 15.55556, 7.55556, 15.66667], "texture": "#1"},
				"south": {"uv": [15, 15.22222, 15.16667, 15.33333], "texture": "#1"},
				"west": {"uv": [9.11111, 15.55556, 9.22222, 15.66667], "texture": "#1"},
				"up": {"uv": [15.5, 0.55556, 15.33333, 0.44444], "texture": "#1"},
				"down": {"uv": [15.5, 0.66667, 15.33333, 0.77778], "texture": "#1"}
			}
		},
		{
			"from": [4.625, 12.5, 13.3125],
			"to": [6.125, 13.5, 14.3125],
			"rotation": {"angle": 45, "axis": "y", "origin": [5.375, 13, 13.8125]},
			"faces": {
				"north": {"uv": [15.33333, 0.88889, 15.5, 1], "texture": "#1"},
				"east": {"uv": [9.33333, 15.55556, 9.44444, 15.66667], "texture": "#1"},
				"south": {"uv": [1, 15.33333, 1.16667, 15.44444], "texture": "#1"},
				"west": {"uv": [9.55556, 15.55556, 9.66667, 15.66667], "texture": "#1"},
				"up": {"uv": [15.5, 1.22222, 15.33333, 1.11111], "texture": "#1"},
				"down": {"uv": [15.5, 1.33333, 15.33333, 1.44444], "texture": "#1"}
			}
		},
		{
			"from": [9.875, 12.5, 13.3125],
			"to": [11.375, 13.5, 14.3125],
			"rotation": {"angle": -45, "axis": "y", "origin": [10.625, 13, 13.8125]},
			"faces": {
				"north": {"uv": [15.33333, 1.55556, 15.5, 1.66667], "texture": "#1"},
				"east": {"uv": [15.55556, 9.55556, 15.66667, 9.66667], "texture": "#1"},
				"south": {"uv": [15.33333, 3.55556, 15.5, 3.66667], "texture": "#1"},
				"west": {"uv": [9.77778, 15.55556, 9.88889, 15.66667], "texture": "#1"},
				"up": {"uv": [15.5, 3.88889, 15.33333, 3.77778], "texture": "#1"},
				"down": {"uv": [15.5, 4, 15.33333, 4.11111], "texture": "#1"}
			}
		},
		{
			"from": [12.625, 10.5, 5.5625],
			"to": [15.625, 11.5, 6.5625],
			"rotation": {"angle": 45, "axis": "y", "origin": [14.125, 11, 6.0625]},
			"faces": {
				"north": {"uv": [14.33333, 13.77778, 14.66667, 13.88889], "texture": "#1"},
				"east": {"uv": [15.55556, 9.77778, 15.66667, 9.88889], "texture": "#1"},
				"south": {"uv": [14.33333, 14, 14.66667, 14.11111], "texture": "#1"},
				"west": {"uv": [10, 15.55556, 10.11111, 15.66667], "texture": "#1"},
				"up": {"uv": [14.66667, 14.33333, 14.33333, 14.22222], "texture": "#1"},
				"down": {"uv": [14.77778, 0.44444, 14.44444, 0.55556], "texture": "#1"}
			}
		},
		{
			"from": [0.375, 10.5, 5.5625],
			"to": [3.375, 11.5, 6.5625],
			"rotation": {"angle": -45, "axis": "y", "origin": [1.875, 11, 6.0625]},
			"faces": {
				"north": {"uv": [14.44444, 0.66667, 14.77778, 0.77778], "texture": "#1"},
				"east": {"uv": [10.22222, 15.55556, 10.33333, 15.66667], "texture": "#1"},
				"south": {"uv": [14.44444, 0.88889, 14.77778, 1], "texture": "#1"},
				"west": {"uv": [15.55556, 10.44444, 15.66667, 10.55556], "texture": "#1"},
				"up": {"uv": [14.77778, 1.22222, 14.44444, 1.11111], "texture": "#1"},
				"down": {"uv": [14.77778, 1.33333, 14.44444, 1.44444], "texture": "#1"}
			}
		},
		{
			"from": [0.375, 10.5, 9.4375],
			"to": [3.375, 11.5, 10.4375],
			"rotation": {"angle": 45, "axis": "y", "origin": [1.875, 11, 9.9375]},
			"faces": {
				"north": {"uv": [14.44444, 1.55556, 14.77778, 1.66667], "texture": "#1"},
				"east": {"uv": [15.55556, 10.66667, 15.66667, 10.77778], "texture": "#1"},
				"south": {"uv": [14.44444, 3.66667, 14.77778, 3.77778], "texture": "#1"},
				"west": {"uv": [10.77778, 15.55556, 10.88889, 15.66667], "texture": "#1"},
				"up": {"uv": [14.77778, 4, 14.44444, 3.88889], "texture": "#1"},
				"down": {"uv": [6, 14.44444, 5.66667, 14.55556], "texture": "#1"}
			}
		},
		{
			"from": [12.625, 10.5, 9.4375],
			"to": [15.625, 11.5, 10.4375],
			"rotation": {"angle": -45, "axis": "y", "origin": [14.125, 11, 9.9375]},
			"faces": {
				"north": {"uv": [6.11111, 14.44444, 6.44444, 14.55556], "texture": "#1"},
				"east": {"uv": [15.55556, 10.88889, 15.66667, 11], "texture": "#1"},
				"south": {"uv": [14.44444, 6.22222, 14.77778, 6.33333], "texture": "#1"},
				"west": {"uv": [15.55556, 11.11111, 15.66667, 11.22222], "texture": "#1"},
				"up": {"uv": [6.88889, 14.55556, 6.55556, 14.44444], "texture": "#1"},
				"down": {"uv": [7.33333, 14.44444, 7, 14.55556], "texture": "#1"}
			}
		},
		{
			"from": [12.625, 11.5, 5.3125],
			"to": [15.125, 12.5, 6.3125],
			"rotation": {"angle": 45, "axis": "y", "origin": [13.875, 12, 5.8125]},
			"faces": {
				"north": {"uv": [14.88889, 4.22222, 15.16667, 4.33333], "texture": "#1"},
				"east": {"uv": [15.55556, 11.33333, 15.66667, 11.44444], "texture": "#1"},
				"south": {"uv": [14.88889, 4.44444, 15.16667, 4.55556], "texture": "#1"},
				"west": {"uv": [11.55556, 15.55556, 11.66667, 15.66667], "texture": "#1"},
				"up": {"uv": [15.16667, 4.77778, 14.88889, 4.66667], "texture": "#1"},
				"down": {"uv": [15.16667, 4.88889, 14.88889, 5], "texture": "#1"}
			}
		},
		{
			"from": [0.875, 11.5, 5.3125],
			"to": [3.375, 12.5, 6.3125],
			"rotation": {"angle": -45, "axis": "y", "origin": [2.125, 12, 5.8125]},
			"faces": {
				"north": {"uv": [14.88889, 5.11111, 15.16667, 5.22222], "texture": "#1"},
				"east": {"uv": [15.55556, 11.55556, 15.66667, 11.66667], "texture": "#1"},
				"south": {"uv": [5.44444, 14.88889, 5.72222, 15], "texture": "#1"},
				"west": {"uv": [15.55556, 11.77778, 15.66667, 11.88889], "texture": "#1"},
				"up": {"uv": [15.16667, 5.77778, 14.88889, 5.66667], "texture": "#1"},
				"down": {"uv": [15.16667, 5.88889, 14.88889, 6], "texture": "#1"}
			}
		},
		{
			"from": [0.875, 11.5, 9.6875],
			"to": [3.375, 12.5, 10.6875],
			"rotation": {"angle": 45, "axis": "y", "origin": [2.125, 12, 10.1875]},
			"faces": {
				"north": {"uv": [14.88889, 6.11111, 15.16667, 6.22222], "texture": "#1"},
				"east": {"uv": [15.55556, 12, 15.66667, 12.11111], "texture": "#1"},
				"south": {"uv": [6.33333, 14.88889, 6.61111, 15], "texture": "#1"},
				"west": {"uv": [12.11111, 15.55556, 12.22222, 15.66667], "texture": "#1"},
				"up": {"uv": [7.05556, 15, 6.77778, 14.88889], "texture": "#1"},
				"down": {"uv": [7.94444, 14.88889, 7.66667, 15], "texture": "#1"}
			}
		},
		{
			"from": [12.625, 11.5, 9.6875],
			"to": [15.125, 12.5, 10.6875],
			"rotation": {"angle": -45, "axis": "y", "origin": [13.875, 12, 10.1875]},
			"faces": {
				"north": {"uv": [14.88889, 8, 15.16667, 8.11111], "texture": "#1"},
				"east": {"uv": [15.55556, 12.22222, 15.66667, 12.33333], "texture": "#1"},
				"south": {"uv": [14.88889, 8.22222, 15.16667, 8.33333], "texture": "#1"},
				"west": {"uv": [15.55556, 12.44444, 15.66667, 12.55556], "texture": "#1"},
				"up": {"uv": [15.16667, 9.44444, 14.88889, 9.33333], "texture": "#1"},
				"down": {"uv": [9.94444, 14.88889, 9.66667, 15], "texture": "#1"}
			}
		},
		{
			"from": [12.625, 12.5, 5.3125],
			"to": [14.125, 13.5, 6.3125],
			"rotation": {"angle": 45, "axis": "y", "origin": [13.375, 13, 5.8125]},
			"faces": {
				"north": {"uv": [15.33333, 4.22222, 15.5, 4.33333], "texture": "#1"},
				"east": {"uv": [12.88889, 15.55556, 13, 15.66667], "texture": "#1"},
				"south": {"uv": [15.33333, 4.44444, 15.5, 4.55556], "texture": "#1"},
				"west": {"uv": [15.55556, 12.88889, 15.66667, 13], "texture": "#1"},
				"up": {"uv": [15.5, 4.77778, 15.33333, 4.66667], "texture": "#1"},
				"down": {"uv": [15.5, 4.88889, 15.33333, 5], "texture": "#1"}
			}
		},
		{
			"from": [1.875, 12.5, 5.3125],
			"to": [3.375, 13.5, 6.3125],
			"rotation": {"angle": -45, "axis": "y", "origin": [2.625, 13, 5.8125]},
			"faces": {
				"north": {"uv": [15.33333, 5.11111, 15.5, 5.22222], "texture": "#1"},
				"east": {"uv": [13.11111, 15.55556, 13.22222, 15.66667], "texture": "#1"},
				"south": {"uv": [15.33333, 5.33333, 15.5, 5.44444], "texture": "#1"},
				"west": {"uv": [15.55556, 13.11111, 15.66667, 13.22222], "texture": "#1"},
				"up": {"uv": [15.5, 5.66667, 15.33333, 5.55556], "texture": "#1"},
				"down": {"uv": [15.5, 5.77778, 15.33333, 5.88889], "texture": "#1"}
			}
		},
		{
			"from": [1.875, 12.5, 9.6875],
			"to": [3.375, 13.5, 10.6875],
			"rotation": {"angle": 45, "axis": "y", "origin": [2.625, 13, 10.1875]},
			"faces": {
				"north": {"uv": [15.33333, 6, 15.5, 6.11111], "texture": "#1"},
				"east": {"uv": [15.55556, 13.33333, 15.66667, 13.44444], "texture": "#1"},
				"south": {"uv": [6.33333, 15.33333, 6.5, 15.44444], "texture": "#1"},
				"west": {"uv": [15.55556, 13.55556, 15.66667, 13.66667], "texture": "#1"},
				"up": {"uv": [6.83333, 15.44444, 6.66667, 15.33333], "texture": "#1"},
				"down": {"uv": [7.61111, 15.33333, 7.44444, 15.44444], "texture": "#1"}
			}
		},
		{
			"from": [12.625, 12.5, 9.6875],
			"to": [14.125, 13.5, 10.6875],
			"rotation": {"angle": -45, "axis": "y", "origin": [13.375, 13, 10.1875]},
			"faces": {
				"north": {"uv": [15.33333, 7.88889, 15.5, 8], "texture": "#1"},
				"east": {"uv": [13.66667, 15.55556, 13.77778, 15.66667], "texture": "#1"},
				"south": {"uv": [15.33333, 8.11111, 15.5, 8.22222], "texture": "#1"},
				"west": {"uv": [15.55556, 13.77778, 15.66667, 13.88889], "texture": "#1"},
				"up": {"uv": [9.38889, 15.44444, 9.22222, 15.33333], "texture": "#1"},
				"down": {"uv": [15.5, 9.33333, 15.33333, 9.44444], "texture": "#1"}
			}
		}
	],
	"gui_light": "front",
	"display": {
		"thirdperson_righthand": {
			"rotation": [0, 0, 90],
			"translation": [-6.25, 2.5, 3.5]
		},
		"thirdperson_lefthand": {
			"rotation": [0, 0, 90],
			"translation": [-6.25, 2.5, 3.5]
		},
		"firstperson_righthand": {
			"rotation": [0, 0, 90],
			"translation": [-7.5, 0, 0]
		},
		"firstperson_lefthand": {
			"rotation": [0, 0, 90],
			"translation": [-7.5, 0, 0]
		},
		"ground": {
			"translation": [0, 5.25, 0]
		},
		"gui": {
			"rotation": [30, 225, 0],
			"translation": [0, 0.25, 0],
			"scale": [0.625, 0.625, 0.625]
		},
		"head": {
			"translation": [0, -11.75, 0],
			"scale": [4, 4, 4]
		}
	},
	"groups": [
		{
			"name": "detail engine",
			"origin": [8, 8, 8],
			"children": [0, 1, 2, 3, 4, 5, 6, 7, 8, 9, 10, 11]
		},
		{
			"name": "octagon",
			"origin": [8, 8, 8],
			"children": [12, 13, 14, 15, 16, 17, 18, 19]
		},
		{
			"name": "engine slopes",
			"origin": [8, 8, 8],
			"children": [20, 21, 22, 23, 24, 25, 26, 27]
		},
		{
			"name": "octagon",
			"origin": [8, 8, 8],
			"children": [28, 29, 30, 31, 32, 33, 34, 35, 36, 37, 38, 39, 40, 41, 42, 43, 44, 45, 46, 47, 48, 49, 50, 51, 52, 53, 54, 55, 56, 57, 58, 59]
		},
		{
			"name": "engine fill",
			"origin": [8, 8, 8],
			"children": [60, 61, 62, 63, 64, 65, 66, 67]
		}, 68, 69,
		{
			"name": "detail engine",
			"origin": [8, 8, 8],
			"children": [70, 71, 72, 73, 74, 75, 76, 77, 78, 79, 80, 81]
		},
		{
			"name": "detail engine",
			"origin": [8, 8, 8],
			"children": [82, 83, 84, 85, 86, 87, 88, 89, 90, 91, 92, 93]
		}
	]
}