{
	"credit": "Made with Blockbench",
	"texture_size": [144, 144],
	"textures": {
		"1": "expansion:vehicles/rocket/rocket"
	},
	"elements": [
		{
			"name": "octagon",
			"from": [5.51472, 0, 2],
			"to": [10.48528, 2.5, 3],
			"rotation": {"angle": 45, "axis": "y", "origin": [8, 14.5, 8]},
			"faces": {
				"north": {"uv": [0, 0, 0.55556, 0.27778], "texture": "#1"},
				"east": {"uv": [8.33333, 10.11111, 8.44444, 13.22222], "texture": "#1"},
				"south": {"uv": [0.66667, 0, 1.22222, 3.11111], "texture": "#1"},
				"west": {"uv": [6.66667, 10.66667, 6.77778, 13.77778], "texture": "#1"},
				"up": {"uv": [13.66667, 13.22222, 13.11111, 13.11111], "texture": "#1"},
				"down": {"uv": [13.77778, 0, 13.22222, 0.11111], "texture": "#1"}
			}
		},
		{
			"name": "octagon",
			"from": [5.51472, 0, 2],
			"to": [10.48528, 2.5, 13.25],
			"rotation": {"angle": 0, "axis": "y", "origin": [0, -19, 0]},
			"faces": {
				"north": {"uv": [1.33333, 0, 1.88889, 0.27778], "texture": "#1"},
				"east": {"uv": [6.88889, 10.66667, 7, 13.77778], "texture": "#1"},
				"south": {"uv": [2, 0, 2.55556, 3.11111], "texture": "#1"},
				"west": {"uv": [8.55556, 10.66667, 8.66667, 13.77778], "texture": "#1"},
				"up": {"uv": [13.77778, 0.33333, 13.22222, 0.22222], "texture": "#1"},
				"down": {"uv": [13.77778, 0.44444, 13.22222, 0.55556], "texture": "#1"}
			}
		},
		{
			"name": "octagon",
			"from": [5.51472, 0, 2.75],
			"to": [10.48528, 2.5, 14],
			"rotation": {"angle": 45, "axis": "y", "origin": [8, 14.5, 8]},
			"faces": {
				"north": {"uv": [2.66667, 0, 3.22222, 3.11111], "texture": "#1"},
				"east": {"uv": [8.77778, 10.66667, 8.88889, 13.77778], "texture": "#1"},
				"south": {"uv": [0, 3.22222, 0.55556, 3.5], "texture": "#1"},
				"west": {"uv": [9, 10.66667, 9.11111, 13.77778], "texture": "#1"},
				"up": {"uv": [13.77778, 0.77778, 13.22222, 0.66667], "texture": "#1"},
				"down": {"uv": [13.77778, 0.88889, 13.22222, 1], "texture": "#1"}
			}
		},
		{
			"name": "octagon",
			"from": [5.51472, 0, 13],
			"to": [10.48528, 2.5, 14],
			"rotation": {"angle": 0, "axis": "y", "origin": [0, 6.5, 0]},
			"faces": {
				"north": {"uv": [0.66667, 3.22222, 1.22222, 6.33333], "texture": "#1"},
				"east": {"uv": [9.22222, 10.66667, 9.33333, 13.77778], "texture": "#1"},
				"south": {"uv": [1.33333, 3.22222, 1.88889, 3.5], "texture": "#1"},
				"west": {"uv": [9.44444, 10.66667, 9.55556, 13.77778], "texture": "#1"},
				"up": {"uv": [13.77778, 1.22222, 13.22222, 1.11111], "texture": "#1"},
				"down": {"uv": [13.77778, 4, 13.22222, 4.11111], "texture": "#1"}
			}
		},
		{
			"name": "octagon",
			"from": [3.61091, 0, 9.40381],
			"to": [14.61091, 2.5, 14.37437],
			"rotation": {"angle": 45, "axis": "y", "origin": [4.11091, 14, 11.88909]},
			"faces": {
				"north": {"uv": [9.66667, 10.66667, 9.77778, 13.77778], "texture": "#1"},
				"east": {"uv": [2, 3.22222, 2.55556, 6.33333], "texture": "#1"},
				"south": {"uv": [9.88889, 10.66667, 10, 13.77778], "texture": "#1"},
				"west": {"uv": [2.66667, 3.22222, 3.22222, 3.5], "texture": "#1"},
				"up": {"uv": [11.88889, 11, 11.77778, 10.44444], "texture": "#1"},
				"down": {"uv": [12, 0, 11.88889, 0.55556], "texture": "#1"}
			}
		},
		{
			"name": "octagon",
			"from": [2, 0, 5.51472],
			"to": [3, 2.5, 10.48528],
			"rotation": {"angle": 0, "axis": "y", "origin": [0, 6.5, 0]},
			"faces": {
				"north": {"uv": [10.11111, 10.66667, 10.22222, 13.77778], "texture": "#1"},
				"east": {"uv": [3.33333, 0, 3.88889, 3.11111], "texture": "#1"},
				"south": {"uv": [10.33333, 10.66667, 10.44444, 13.77778], "texture": "#1"},
				"west": {"uv": [3.33333, 3.22222, 3.88889, 3.5], "texture": "#1"},
				"up": {"uv": [12.11111, 11, 12, 10.44444], "texture": "#1"},
				"down": {"uv": [12.22222, 0, 12.11111, 0.55556], "texture": "#1"}
			}
		},
		{
			"name": "octagon",
			"from": [12.8, 0, 5.51472],
			"to": [14, 2.5, 10.48528],
			"rotation": {"angle": 45, "axis": "y", "origin": [8, 14.5, 8]},
			"faces": {
				"north": {"uv": [10.55556, 10.66667, 10.66667, 13.77778], "texture": "#1"},
				"east": {"uv": [4, 0, 4.55556, 0.27778], "texture": "#1"},
				"south": {"uv": [10.77778, 9.33333, 10.88889, 12.44444], "texture": "#1"},
				"west": {"uv": [4, 3.22222, 4.55556, 6.33333], "texture": "#1"},
				"up": {"uv": [13.33333, 4.77778, 13.22222, 4.22222], "texture": "#1"},
				"down": {"uv": [13.33333, 4.88889, 13.22222, 5.44444], "texture": "#1"}
			}
		},
		{
			"name": "octagon",
			"from": [2.95, 0, 5.51472],
			"to": [14, 2.5, 10.48528],
			"rotation": {"angle": 0, "axis": "y", "origin": [0, 6.5, 0]},
			"faces": {
				"north": {"uv": [10.88889, 0, 11, 3.11111], "texture": "#1"},
				"east": {"uv": [4.66667, 0, 5.22222, 0.27778], "texture": "#1"},
				"south": {"uv": [10.88889, 3.22222, 11, 6.33333], "texture": "#1"},
				"west": {"uv": [4.66667, 3.22222, 5.22222, 6.33333], "texture": "#1"},
				"up": {"uv": [13.33333, 6.11111, 13.22222, 5.55556], "texture": "#1"},
				"down": {"uv": [13.44444, 1.33333, 13.33333, 1.88889], "texture": "#1"}
			}
		},
		{
			"from": [5.51472, 2.2706, 12.84672],
			"to": [10.51472, 11.5, 13.84672],
			"rotation": {"angle": -22.5, "axis": "x", "origin": [8.01472, 2.7706, 13.34672]},
			"faces": {
				"north": {"uv": [7.44444, 7, 8, 8.02778], "texture": "#1"},
				"east": {"uv": [13, 4, 13.11111, 5.02778], "texture": "#1"},
				"south": {"uv": [5, 7.55556, 5.55556, 8.58333], "texture": "#1"},
				"west": {"uv": [13, 5.22222, 13.11111, 6.25], "texture": "#1"},
				"up": {"uv": [13.77778, 6.33333, 13.22222, 6.22222], "texture": "#1"},
				"down": {"uv": [13.88889, 2, 13.33333, 2.11111], "texture": "#1"}
			}
		},
		{
			"from": [2.15328, 2.2706, 5.48528],
			"to": [3.15328, 11.5, 10.48528],
			"rotation": {"angle": -22.5, "axis": "z", "origin": [2.65328, 2.7706, 7.98528]},
			"faces": {
				"north": {"uv": [12.11111, 13, 12.22222, 14.02778], "texture": "#1"},
				"east": {"uv": [5.66667, 7.55556, 6.22222, 8.58333], "texture": "#1"},
				"south": {"uv": [12.33333, 13, 12.44444, 14.02778], "texture": "#1"},
				"west": {"uv": [8, 0, 8.55556, 1.02778], "texture": "#1"},
				"up": {"uv": [13.44444, 2.77778, 13.33333, 2.22222], "texture": "#1"},
				"down": {"uv": [13.44444, 2.88889, 13.33333, 3.44444], "texture": "#1"}
			}
		},
		{
			"from": [12.84672, 2.2706, 5.48528],
			"to": [13.84672, 11.5, 10.48528],
			"rotation": {"angle": 22.5, "axis": "z", "origin": [13.34672, 2.7706, 7.98528]},
			"faces": {
				"north": {"uv": [13.11111, 1.33333, 13.22222, 2.36111], "texture": "#1"},
				"east": {"uv": [8, 1.22222, 8.55556, 2.25], "texture": "#1"},
				"south": {"uv": [13.11111, 2.55556, 13.22222, 3.58333], "texture": "#1"},
				"west": {"uv": [8, 2.44444, 8.55556, 3.47222], "texture": "#1"},
				"up": {"uv": [5.66667, 13.88889, 5.55556, 13.33333], "texture": "#1"},
				"down": {"uv": [5.88889, 13.33333, 5.77778, 13.88889], "texture": "#1"}
			}
		},
		{
			"from": [5.51472, 2.2706, 2.15328],
			"to": [10.51472, 11.5, 3.15328],
			"rotation": {"angle": 22.5, "axis": "x", "origin": [8.01472, 2.7706, 2.65328]},
			"faces": {
				"north": {"uv": [8, 3.66667, 8.55556, 4.69444], "texture": "#1"},
				"east": {"uv": [13.11111, 6.44444, 13.22222, 7.47222], "texture": "#1"},
				"south": {"uv": [8, 4.88889, 8.55556, 5.91667], "texture": "#1"},
				"west": {"uv": [13.11111, 7.66667, 13.22222, 8.69444], "texture": "#1"},
				"up": {"uv": [13.88889, 3.66667, 13.33333, 3.55556], "texture": "#1"},
				"down": {"uv": [13.88889, 6.44444, 13.33333, 6.55556], "texture": "#1"}
			}
		},
		{
			"from": [11.14949, 2.5, 2.12132],
			"to": [12.14949, 3.5, 6.62132],
			"rotation": {"angle": 45, "axis": "y", "origin": [11.64949, 3, 4.37132]},
			"faces": {
				"north": {"uv": [15.44444, 6.66667, 15.55556, 6.77778], "texture": "#1"},
				"east": {"uv": [13.33333, 7.55556, 13.83333, 7.66667], "texture": "#1"},
				"south": {"uv": [15.44444, 6.88889, 15.55556, 7], "texture": "#1"},
				"west": {"uv": [7.77778, 13.33333, 8.27778, 13.44444], "texture": "#1"},
				"up": {"uv": [13.44444, 8.27778, 13.33333, 7.77778], "texture": "#1"},
				"down": {"uv": [12.66667, 13.33333, 12.55556, 13.83333], "texture": "#1"}
			}
		},
		{
			"from": [10.89949, 3.5, 2.62132],
			"to": [11.89949, 4.5, 6.62132],
			"rotation": {"angle": 45, "axis": "y", "origin": [11.39949, 4, 4.62132]},
			"faces": {
				"north": {"uv": [7, 15.44444, 7.11111, 15.55556], "texture": "#1"},
				"east": {"uv": [11.11111, 6.11111, 11.55556, 6.22222], "texture": "#1"},
				"south": {"uv": [15.44444, 7.11111, 15.55556, 7.22222], "texture": "#1"},
				"west": {"uv": [0, 13.66667, 0.44444, 13.77778], "texture": "#1"},
				"up": {"uv": [7.88889, 10, 7.77778, 9.55556], "texture": "#1"},
				"down": {"uv": [12, 13.55556, 11.88889, 14], "texture": "#1"}
			}
		},
		{
			"from": [10.64949, 4.5, 3.12132],
			"to": [11.64949, 5.5, 6.62132],
			"rotation": {"angle": 45, "axis": "y", "origin": [11.14949, 5, 4.87132]},
			"faces": {
				"north": {"uv": [7.22222, 15.44444, 7.33333, 15.55556], "texture": "#1"},
				"east": {"uv": [13.33333, 13.77778, 13.72222, 13.88889], "texture": "#1"},
				"south": {"uv": [15.44444, 7.33333, 15.55556, 7.44444], "texture": "#1"},
				"west": {"uv": [0, 13.88889, 0.38889, 14], "texture": "#1"},
				"up": {"uv": [14, 0.38889, 13.88889, 0], "texture": "#1"},
				"down": {"uv": [0.66667, 13.88889, 0.55556, 14.27778], "texture": "#1"}
			}
		},
		{
			"from": [10.39949, 5.5, 3.62132],
			"to": [11.39949, 6.5, 6.62132],
			"rotation": {"angle": 45, "axis": "y", "origin": [10.89949, 6, 5.12132]},
			"faces": {
				"north": {"uv": [15.44444, 7.55556, 15.55556, 7.66667], "texture": "#1"},
				"east": {"uv": [14.33333, 3.11111, 14.66667, 3.22222], "texture": "#1"},
				"south": {"uv": [7.77778, 15.44444, 7.88889, 15.55556], "texture": "#1"},
				"west": {"uv": [8.44444, 14.33333, 8.77778, 14.44444], "texture": "#1"},
				"up": {"uv": [6.77778, 9.22222, 6.66667, 8.88889], "texture": "#1"},
				"down": {"uv": [11.66667, 14.22222, 11.55556, 14.55556], "texture": "#1"}
			}
		},
		{
			"from": [10.14949, 6.5, 4.12132],
			"to": [11.14949, 7.5, 6.62132],
			"rotation": {"angle": 45, "axis": "y", "origin": [10.64949, 7, 5.37132]},
			"faces": {
				"north": {"uv": [8, 15.44444, 8.11111, 15.55556], "texture": "#1"},
				"east": {"uv": [14.77778, 12.11111, 15.05556, 12.22222], "texture": "#1"},
				"south": {"uv": [8.22222, 15.44444, 8.33333, 15.55556], "texture": "#1"},
				"west": {"uv": [14.77778, 12.33333, 15.05556, 12.44444], "texture": "#1"},
				"up": {"uv": [10.66667, 14.94444, 10.55556, 14.66667], "texture": "#1"},
				"down": {"uv": [13.55556, 14.66667, 13.44444, 14.94444], "texture": "#1"}
			}
		},
		{
			"from": [9.89949, 7.5, 4.62132],
			"to": [10.89949, 8.5, 6.62132],
			"rotation": {"angle": 45, "axis": "y", "origin": [10.39949, 8, 5.62132]},
			"faces": {
				"north": {"uv": [15.44444, 8.33333, 15.55556, 8.44444], "texture": "#1"},
				"east": {"uv": [5.11111, 15, 5.33333, 15.11111], "texture": "#1"},
				"south": {"uv": [8.44444, 15.44444, 8.55556, 15.55556], "texture": "#1"},
				"west": {"uv": [15, 14.44444, 15.22222, 14.55556], "texture": "#1"},
				"up": {"uv": [13.77778, 15.22222, 13.66667, 15], "texture": "#1"},
				"down": {"uv": [15.11111, 14.66667, 15, 14.88889], "texture": "#1"}
			}
		},
		{
			"from": [3.85051, 2.5, 2.12132],
			"to": [4.85051, 3.5, 6.62132],
			"rotation": {"angle": -45, "axis": "y", "origin": [4.35051, 3, 4.37132]},
			"faces": {
				"north": {"uv": [10.44444, 15.66667, 10.55556, 15.77778], "texture": "#1"},
				"east": {"uv": [13.44444, 13.33333, 13.94444, 13.44444], "texture": "#1"},
				"south": {"uv": [11, 15.66667, 11.11111, 15.77778], "texture": "#1"},
				"west": {"uv": [13.55556, 1.33333, 14.05556, 1.44444], "texture": "#1"},
				"up": {"uv": [13.66667, 2.72222, 13.55556, 2.22222], "texture": "#1"},
				"down": {"uv": [13.66667, 2.88889, 13.55556, 3.38889], "texture": "#1"}
			}
		},
		{
			"from": [4.10051, 3.5, 2.62132],
			"to": [5.10051, 4.5, 6.62132],
			"rotation": {"angle": -45, "axis": "y", "origin": [4.60051, 4, 4.62132]},
			"faces": {
				"north": {"uv": [11.22222, 15.66667, 11.33333, 15.77778], "texture": "#1"},
				"east": {"uv": [0.55556, 13.66667, 1, 13.77778], "texture": "#1"},
				"south": {"uv": [11.77778, 15.66667, 11.88889, 15.77778], "texture": "#1"},
				"west": {"uv": [1.11111, 13.66667, 1.55556, 13.77778], "texture": "#1"},
				"up": {"uv": [1.77778, 14.11111, 1.66667, 13.66667], "texture": "#1"},
				"down": {"uv": [6.11111, 13.66667, 6, 14.11111], "texture": "#1"}
			}
		},
		{
			"from": [4.35051, 4.5, 3.12132],
			"to": [5.35051, 5.5, 6.62132],
			"rotation": {"angle": -45, "axis": "y", "origin": [4.85051, 5, 4.87132]},
			"faces": {
				"north": {"uv": [12.33333, 15.66667, 12.44444, 15.77778], "texture": "#1"},
				"east": {"uv": [13.88889, 3.77778, 14.27778, 3.88889], "texture": "#1"},
				"south": {"uv": [12.55556, 15.66667, 12.66667, 15.77778], "texture": "#1"},
				"west": {"uv": [13.88889, 4, 14.27778, 4.11111], "texture": "#1"},
				"up": {"uv": [1.44444, 14.27778, 1.33333, 13.88889], "texture": "#1"},
				"down": {"uv": [6.77778, 13.88889, 6.66667, 14.27778], "texture": "#1"}
			}
		},
		{
			"from": [4.60051, 5.5, 3.62132],
			"to": [5.60051, 6.5, 6.62132],
			"rotation": {"angle": -45, "axis": "y", "origin": [5.10051, 6, 5.12132]},
			"faces": {
				"north": {"uv": [15.66667, 12.66667, 15.77778, 12.77778], "texture": "#1"},
				"east": {"uv": [14.55556, 8.44444, 14.88889, 8.55556], "texture": "#1"},
				"south": {"uv": [13.33333, 15.66667, 13.44444, 15.77778], "texture": "#1"},
				"west": {"uv": [14.55556, 8.66667, 14.88889, 8.77778], "texture": "#1"},
				"up": {"uv": [8.88889, 14.88889, 8.77778, 14.55556], "texture": "#1"},
				"down": {"uv": [9.11111, 14.55556, 9, 14.88889], "texture": "#1"}
			}
		},
		{
			"from": [4.85051, 6.5, 4.12132],
			"to": [5.85051, 7.5, 6.62132],
			"rotation": {"angle": -45, "axis": "y", "origin": [5.35051, 7, 5.37132]},
			"faces": {
				"north": {"uv": [15.66667, 14.22222, 15.77778, 14.33333], "texture": "#1"},
				"east": {"uv": [14.88889, 10, 15.16667, 10.11111], "texture": "#1"},
				"south": {"uv": [14.77778, 15.66667, 14.88889, 15.77778], "texture": "#1"},
				"west": {"uv": [10.11111, 14.88889, 10.38889, 15], "texture": "#1"},
				"up": {"uv": [14, 15.05556, 13.88889, 14.77778], "texture": "#1"},
				"down": {"uv": [0.55556, 14.88889, 0.44444, 15.16667], "texture": "#1"}
			}
		},
		{
			"from": [5.10051, 7.5, 4.62132],
			"to": [6.10051, 8.5, 6.62132],
			"rotation": {"angle": -45, "axis": "y", "origin": [5.60051, 8, 5.62132]},
			"faces": {
				"north": {"uv": [15.66667, 14.77778, 15.77778, 14.88889], "texture": "#1"},
				"east": {"uv": [15.22222, 2.22222, 15.44444, 2.33333], "texture": "#1"},
				"south": {"uv": [15, 15.66667, 15.11111, 15.77778], "texture": "#1"},
				"west": {"uv": [15.22222, 2.44444, 15.44444, 2.55556], "texture": "#1"},
				"up": {"uv": [12, 15.33333, 11.88889, 15.11111], "texture": "#1"},
				"down": {"uv": [13.55556, 15.11111, 13.44444, 15.33333], "texture": "#1"}
			}
		},
		{
			"from": [3.85051, 2.5, 9.37868],
			"to": [4.85051, 3.5, 13.87868],
			"rotation": {"angle": 45, "axis": "y", "origin": [4.35051, 3, 11.62868]},
			"faces": {
				"north": {"uv": [15.66667, 15, 15.77778, 15.11111], "texture": "#1"},
				"east": {"uv": [13.55556, 1.55556, 14.05556, 1.66667], "texture": "#1"},
				"south": {"uv": [15.66667, 15.22222, 15.77778, 15.33333], "texture": "#1"},
				"west": {"uv": [13.55556, 1.77778, 14.05556, 1.88889], "texture": "#1"},
				"up": {"uv": [7.22222, 14.05556, 7.11111, 13.55556], "texture": "#1"},
				"down": {"uv": [7.44444, 13.55556, 7.33333, 14.05556], "texture": "#1"}
			}
		},
		{
			"from": [4.10051, 3.5, 9.37868],
			"to": [5.10051, 4.5, 13.37868],
			"rotation": {"angle": 45, "axis": "y", "origin": [4.60051, 4, 11.37868]},
			"faces": {
				"north": {"uv": [15.66667, 15.44444, 15.77778, 15.55556], "texture": "#1"},
				"east": {"uv": [1.88889, 13.77778, 2.33333, 13.88889], "texture": "#1"},
				"south": {"uv": [15.66667, 15.66667, 15.77778, 15.77778], "texture": "#1"},
				"west": {"uv": [13.77778, 2.22222, 14.22222, 2.33333], "texture": "#1"},
				"up": {"uv": [6.33333, 14.11111, 6.22222, 13.66667], "texture": "#1"},
				"down": {"uv": [6.55556, 13.66667, 6.44444, 14.11111], "texture": "#1"}
			}
		},
		{
			"from": [4.35051, 4.5, 9.37868],
			"to": [5.35051, 5.5, 12.87868],
			"rotation": {"angle": 45, "axis": "y", "origin": [4.85051, 5, 11.12868]},
			"faces": {
				"north": {"uv": [15.77778, 0, 15.88889, 0.11111], "texture": "#1"},
				"east": {"uv": [13.88889, 6.22222, 14.27778, 6.33333], "texture": "#1"},
				"south": {"uv": [15.77778, 0.22222, 15.88889, 0.33333], "texture": "#1"},
				"west": {"uv": [8.44444, 13.88889, 8.83333, 14], "texture": "#1"},
				"up": {"uv": [7, 14.27778, 6.88889, 13.88889], "texture": "#1"},
				"down": {"uv": [14, 8.88889, 13.88889, 9.27778], "texture": "#1"}
			}
		},
		{
			"from": [4.60051, 5.5, 9.37868],
			"to": [5.60051, 6.5, 12.37868],
			"rotation": {"angle": 45, "axis": "y", "origin": [5.10051, 6, 10.87868]},
			"faces": {
				"north": {"uv": [0.88889, 15.77778, 1, 15.88889], "texture": "#1"},
				"east": {"uv": [14.55556, 14.44444, 14.88889, 14.55556], "texture": "#1"},
				"south": {"uv": [15.77778, 1.77778, 15.88889, 1.88889], "texture": "#1"},
				"west": {"uv": [14.66667, 0, 15, 0.11111], "texture": "#1"},
				"up": {"uv": [13.77778, 14.88889, 13.66667, 14.55556], "texture": "#1"},
				"down": {"uv": [14.77778, 4.11111, 14.66667, 4.44444], "texture": "#1"}
			}
		},
		{
			"from": [4.85051, 6.5, 9.37868],
			"to": [5.85051, 7.5, 11.87868],
			"rotation": {"angle": 45, "axis": "y", "origin": [5.35051, 7, 10.62868]},
			"faces": {
				"north": {"uv": [15.77778, 2.22222, 15.88889, 2.33333], "texture": "#1"},
				"east": {"uv": [14.88889, 10.22222, 15.16667, 10.33333], "texture": "#1"},
				"south": {"uv": [15.77778, 2.44444, 15.88889, 2.55556], "texture": "#1"},
				"west": {"uv": [10.77778, 14.88889, 11.05556, 15], "texture": "#1"},
				"up": {"uv": [1.22222, 15.16667, 1.11111, 14.88889], "texture": "#1"},
				"down": {"uv": [6, 14.88889, 5.88889, 15.16667], "texture": "#1"}
			}
		},
		{
			"from": [5.10051, 7.5, 9.37868],
			"to": [6.10051, 8.5, 11.37868],
			"rotation": {"angle": 45, "axis": "y", "origin": [5.60051, 8, 10.37868]},
			"faces": {
				"north": {"uv": [15.77778, 2.66667, 15.88889, 2.77778], "texture": "#1"},
				"east": {"uv": [15.22222, 2.66667, 15.44444, 2.77778], "texture": "#1"},
				"south": {"uv": [3.88889, 15.77778, 4, 15.88889], "texture": "#1"},
				"west": {"uv": [2.88889, 15.22222, 3.11111, 15.33333], "texture": "#1"},
				"up": {"uv": [14.88889, 15.33333, 14.77778, 15.11111], "texture": "#1"},
				"down": {"uv": [15.33333, 2.88889, 15.22222, 3.11111], "texture": "#1"}
			}
		},
		{
			"from": [11.14949, 2.5, 9.37868],
			"to": [12.14949, 3.5, 13.87868],
			"rotation": {"angle": -45, "axis": "y", "origin": [11.64949, 3, 11.62868]},
			"faces": {
				"north": {"uv": [4.11111, 15.77778, 4.22222, 15.88889], "texture": "#1"},
				"east": {"uv": [7.55556, 13.55556, 8.05556, 13.66667], "texture": "#1"},
				"south": {"uv": [6.33333, 15.77778, 6.44444, 15.88889], "texture": "#1"},
				"west": {"uv": [13.55556, 7.77778, 14.05556, 7.88889], "texture": "#1"},
				"up": {"uv": [8.33333, 14.05556, 8.22222, 13.55556], "texture": "#1"},
				"down": {"uv": [11.77778, 13.55556, 11.66667, 14.05556], "texture": "#1"}
			}
		},
		{
			"from": [10.89949, 3.5, 9.37868],
			"to": [11.89949, 4.5, 13.37868],
			"rotation": {"angle": -45, "axis": "y", "origin": [11.39949, 4, 11.37868]},
			"faces": {
				"north": {"uv": [6.55556, 15.77778, 6.66667, 15.88889], "texture": "#1"},
				"east": {"uv": [2.44444, 13.77778, 2.88889, 13.88889], "texture": "#1"},
				"south": {"uv": [6.77778, 15.77778, 6.88889, 15.88889], "texture": "#1"},
				"west": {"uv": [13.77778, 2.44444, 14.22222, 2.55556], "texture": "#1"},
				"up": {"uv": [13.88889, 3.11111, 13.77778, 2.66667], "texture": "#1"},
				"down": {"uv": [3.11111, 13.77778, 3, 14.22222], "texture": "#1"}
			}
		},
		{
			"from": [10.64949, 4.5, 9.37868],
			"to": [11.64949, 5.5, 12.87868],
			"rotation": {"angle": -45, "axis": "y", "origin": [11.14949, 5, 11.12868]},
			"faces": {
				"north": {"uv": [7.44444, 15.77778, 7.55556, 15.88889], "texture": "#1"},
				"east": {"uv": [9, 13.88889, 9.38889, 14], "texture": "#1"},
				"south": {"uv": [9, 15.77778, 9.11111, 15.88889], "texture": "#1"},
				"west": {"uv": [13.88889, 9.44444, 14.27778, 9.55556], "texture": "#1"},
				"up": {"uv": [9.66667, 14.27778, 9.55556, 13.88889], "texture": "#1"},
				"down": {"uv": [14, 9.66667, 13.88889, 10.05556], "texture": "#1"}
			}
		},
		{
			"from": [10.39949, 5.5, 9.37868],
			"to": [11.39949, 6.5, 12.37868],
			"rotation": {"angle": -45, "axis": "y", "origin": [10.89949, 6, 10.87868]},
			"faces": {
				"north": {"uv": [9.22222, 15.77778, 9.33333, 15.88889], "texture": "#1"},
				"east": {"uv": [14.66667, 0.22222, 15, 0.33333], "texture": "#1"},
				"south": {"uv": [9.44444, 15.77778, 9.55556, 15.88889], "texture": "#1"},
				"west": {"uv": [14.66667, 1.77778, 15, 1.88889], "texture": "#1"},
				"up": {"uv": [14.77778, 4.88889, 14.66667, 4.55556], "texture": "#1"},
				"down": {"uv": [14.77778, 5, 14.66667, 5.33333], "texture": "#1"}
			}
		},
		{
			"from": [10.14949, 6.5, 9.37868],
			"to": [11.14949, 7.5, 11.87868],
			"rotation": {"angle": -45, "axis": "y", "origin": [10.64949, 7, 10.62868]},
			"faces": {
				"north": {"uv": [15.77778, 9.55556, 15.88889, 9.66667], "texture": "#1"},
				"east": {"uv": [11.22222, 14.88889, 11.5, 15], "texture": "#1"},
				"south": {"uv": [9.66667, 15.77778, 9.77778, 15.88889], "texture": "#1"},
				"west": {"uv": [11.66667, 14.88889, 11.94444, 15], "texture": "#1"},
				"up": {"uv": [12.22222, 15.16667, 12.11111, 14.88889], "texture": "#1"},
				"down": {"uv": [12.44444, 14.88889, 12.33333, 15.16667], "texture": "#1"}
			}
		},
		{
			"from": [9.89949, 7.5, 9.37868],
			"to": [10.89949, 8.5, 11.37868],
			"rotation": {"angle": -45, "axis": "y", "origin": [10.39949, 8, 10.37868]},
			"faces": {
				"north": {"uv": [15.77778, 9.77778, 15.88889, 9.88889], "texture": "#1"},
				"east": {"uv": [3.22222, 15.22222, 3.44444, 15.33333], "texture": "#1"},
				"south": {"uv": [9.88889, 15.77778, 10, 15.88889], "texture": "#1"},
				"west": {"uv": [3.55556, 15.22222, 3.77778, 15.33333], "texture": "#1"},
				"up": {"uv": [4, 15.44444, 3.88889, 15.22222], "texture": "#1"},
				"down": {"uv": [4.22222, 15.22222, 4.11111, 15.44444], "texture": "#1"}
			}
		},
		{
			"from": [5.5, 10.25, 5.5],
			"to": [10.5, 11.25, 10.5],
			"rotation": {"angle": 0, "axis": "y", "origin": [14, 18.25, 17]},
			"faces": {
				"north": {"uv": [13.33333, 6.66667, 13.88889, 6.77778], "texture": "#1"},
				"east": {"uv": [13.33333, 6.88889, 13.88889, 7], "texture": "#1"},
				"south": {"uv": [13.33333, 7.11111, 13.88889, 7.22222], "texture": "#1"},
				"west": {"uv": [13.33333, 7.33333, 13.88889, 7.44444], "texture": "#1"},
				"up": {"uv": [11.55556, 11.66667, 11, 11.11111], "texture": "#1"},
				"down": {"uv": [0.55556, 11.44444, 0, 12], "texture": "#1"}
			}
		},
		{
			"from": [5.75, 10.75, 5.75],
			"to": [10.25, 11.75, 10.25],
			"rotation": {"angle": 0, "axis": "y", "origin": [14, 18.75, 17]},
			"faces": {
				"north": {"uv": [13.55556, 8, 14.05556, 8.11111], "texture": "#1"},
				"east": {"uv": [13.55556, 8.22222, 14.05556, 8.33333], "texture": "#1"},
				"south": {"uv": [12.77778, 13.55556, 13.27778, 13.66667], "texture": "#1"},
				"west": {"uv": [13.44444, 13.55556, 13.94444, 13.66667], "texture": "#1"},
				"up": {"uv": [1.16667, 11.94444, 0.66667, 11.44444], "texture": "#1"},
				"down": {"uv": [1.83333, 11.44444, 1.33333, 11.94444], "texture": "#1"}
			}
		},
		{
			"from": [6.25, 11.25, 6.25],
			"to": [9.75, 12.25, 9.75],
			"rotation": {"angle": 0, "axis": "y", "origin": [14, 19.25, 17]},
			"faces": {
				"north": {"uv": [9.77778, 13.88889, 10.16667, 14], "texture": "#1"},
				"east": {"uv": [13.88889, 10.22222, 14.27778, 10.33333], "texture": "#1"},
				"south": {"uv": [10.33333, 13.88889, 10.72222, 14], "texture": "#1"},
				"west": {"uv": [13.88889, 10.44444, 14.27778, 10.55556], "texture": "#1"},
				"up": {"uv": [12.16667, 1.61111, 11.77778, 1.22222], "texture": "#1"},
				"down": {"uv": [12.16667, 1.77778, 11.77778, 2.16667], "texture": "#1"}
			}
		},
		{
			"from": [7, 11.75, 7],
			"to": [9, 12.75, 9],
			"rotation": {"angle": 0, "axis": "y", "origin": [14, 19.75, 16.75]},
			"faces": {
				"north": {"uv": [4.33333, 15.22222, 4.55556, 15.33333], "texture": "#1"},
				"east": {"uv": [4.66667, 15.22222, 4.88889, 15.33333], "texture": "#1"},
				"south": {"uv": [5, 15.22222, 5.22222, 15.33333], "texture": "#1"},
				"west": {"uv": [8.22222, 15.22222, 8.44444, 15.33333], "texture": "#1"},
				"up": {"uv": [5.22222, 7.44444, 5, 7.22222], "texture": "#1"},
				"down": {"uv": [12.11111, 7.66667, 11.88889, 7.88889], "texture": "#1"}
			}
		}
	],
	"gui_light": "front",
	"display": {
		"thirdperson_righthand": {
			"translation": [0, 0, -3]
		},
		"thirdperson_lefthand": {
			"translation": [0, 0, -3]
		},
		"firstperson_righthand": {
			"translation": [4, 4, 0]
		},
		"firstperson_lefthand": {
			"translation": [4, 4, 0]
		},
		"ground": {
			"translation": [0, 7, 0]
		},
		"gui": {
			"rotation": [30, 225, 0],
			"translation": [0, 2.5, 0]
		},
		"head": {
			"translation": [0, -7, 0],
			"scale": [4, 4, 4]
		},
		"fixed": {
			"translation": [0, 1.75, 0]
		}
	},
	"groups": [
		{
			"name": "octagon",
			"origin": [8, 8, 8],
			"children": [0, 1, 2, 3, 4, 5, 6, 7, 8, 9, 10, 11]
		},
		{
			"name": "detail nose",
			"origin": [4.1869, 2.7706, 0.65328],
			"children": [12, 13, 14, 15, 16, 17]
		},
		{
			"name": "detail nose",
			"origin": [4.1869, 2.7706, 0.65328],
			"children": [18, 19, 20, 21, 22, 23]
		},
		{
			"name": "detail nose",
			"origin": [4.1869, 2.7706, 0.65328],
			"children": [24, 25, 26, 27, 28, 29]
		},
		{
			"name": "detail nose",
			"origin": [4.1869, 2.7706, 0.65328],
			"children": [30, 31, 32, 33, 34, 35]
		}, 36, 37, 38, 39]
}